sample_id,wpm,word_count,duration_sec,whisper_transcript,pitch_mean,pitch_variability,energy_mean,jitter,shimmer,spectral_centroid,tone_label,tone_score,filler_ratio
test_0000,274.81,24,5.24,a few years ago I was in a food market and the town where I grew up and that red zone and Northeastern Pennsylvania.,227.05,0.3036,0.085182,0.052888,0.170569,1902.88,ang,0.5035,0.0
test_0001,211.36,31,8.8,"And I was standing over a bushel of tomatoes. It was summertime. I had shorts on. I hear this guy, his voice behind me, say, well, if it isn't, amen, melons.",224.74,0.3932,0.046126,0.070806,0.175492,2007.75,ang,0.6777,0.0
test_0002,219.51,24,6.56,"And I turn around and this is older man, I have no idea who he is. And I said, I'm sorry sir, I don't...",194.24,0.443,0.042379,0.126333,0.163205,1847.05,hap,0.7219,0.0
test_0003,217.5,29,8.0,"Have we met? I don't remember meeting you. He said, well, you wouldn't remember meeting me. I mean, when we met, I was delivering you from your mother's womb.",197.52,0.3134,0.068873,0.087269,0.127079,1735.02,hap,0.7667,0.0
test_0004,60.0,6,6.0,"Oh, that guy. Of course, actually.",315.9,0.4712,0.05874,0.26862,0.170448,2146.45,hap,0.9685,0.1667
test_0005,162.34,25,9.24,It did click. This man was Dr. Keen. A man that I'd only known about to my mother's stories of that day because of course.,215.0,0.4303,0.075575,0.181724,0.187176,1974.59,ang,0.8085,0.0
test_0006,168.87,34,12.08,"typical fashion, I arrived late from my birthday by two weeks. And so my mother's prenatal physician had gone on vacation. So the man who delivered me was a complete stranger to my parents.",224.33,0.4107,0.061444,0.175347,0.16644,2120.88,hap,0.824,0.0588
test_0007,245.33,35,8.56,"And because I was born with that vestibula bones, and had feet turned in, and a few toes in this foot, and a few toes in that, he had to be the bearer, the stranger.",232.15,0.4603,0.069082,0.145908,0.190202,2098.76,hap,0.525,0.0
test_0008,177.27,26,8.8,"had to be the bearer of bad news. He said to me, I had to give this prognosis to your parents that you would never walk.",187.77,0.4724,0.058315,0.187194,0.187374,1956.54,ang,0.9742,0.0
test_0009,237.24,31,7.84,and you would never have the kind of mobility that other kids have or any kind of life of independence. And you've been making a liar out of me ever since.,189.66,0.231,0.084992,0.074752,0.152363,1801.35,ang,0.819,0.0
test_0010,70.09,10,8.56,"See also hurt, useless, and weak. Antonyms, healthy, strong, capable.",188.86,0.4576,0.051583,0.245672,0.229798,2228.25,ang,0.9283,0.0
test_0011,140.0,14,6.0,The extraordinary thing is that he had saved newspaper clipping throughout my whole childhood.,266.34,0.43,0.106197,0.147731,0.201343,2096.48,ang,0.9898,0.0
test_0012,157.89,25,9.5,"whether winning a second grade spelling be marching with the girls' gowns, the Halloween parade, winning my college scholarship, or any of my sports victories.",220.28,0.26,0.076542,0.089532,0.189776,1900.55,ang,0.7702,0.0
test_0013,114.8,15,7.84,"and he was using it, integrating it into teaching, residents, students, med students from Hanuman.",215.02,0.2644,0.074199,0.119864,0.192747,2079.57,ang,0.5454,0.0
test_0014,208.76,27,7.76,medical school and her she medical school and he called this part of the course the X factor and it was the potential of the human will.,230.86,0.4333,0.057674,0.190787,0.214878,2104.93,hap,0.7592,0.0
test_0015,171.43,20,7.0,No prognosis can account for how powerful this could be and as a determinant in the quality of someone's life.,210.04,0.343,0.068091,0.142565,0.196472,1897.39,ang,0.8312,0.0
test_0016,114.89,18,9.4,"And Dr. King went on to tell me that he said, in my experience, unless repeatedly told otherwise.",187.88,0.4069,0.043456,0.18697,0.182852,2169.33,ang,0.8845,0.0
test_0017,129.19,18,8.36,"and even if given a modicum of support, it's left to their own devices, a child will achieve.",208.28,0.4432,0.069865,0.129171,0.186462,1998.15,ang,0.7499,0.0
test_0018,162.34,25,9.24,"See, Dr. Keen made that shift in thinking. He understood that there's a difference between the medical condition and what someone might do with it.",208.28,0.4796,0.060757,0.144432,0.175119,2151.86,ang,0.611,0.0
test_0019,183.28,38,12.44,"and there's been a shift in my thinking over time and that if you'd ask me a 15 years old, if I would have traded prosthetics for flesh and bone legs, I wouldn't have hesitated for a second.",191.82,0.4225,0.055461,0.14233,0.193947,2034.44,ang,0.8456,0.0
test_0020,134.43,19,8.48,"I aspired to that kind of normalcy back then. But if you ask me today, I'm not so sure.",179.77,0.3283,0.036761,0.148318,0.204646,1955.36,ang,0.7541,0.0526
test_0021,132.16,20,9.08,"And it's because of the experiences I've had with them, not in spite of the experiences I've had with them.",193.55,0.4101,0.064726,0.156042,0.211123,2161.7,ang,0.974,0.0
test_0022,141.59,32,13.56,And perhaps this shift in me has happened because I've been exposed to more people who have opened doors for me than those who have put lids and cash shadows on me.,207.87,0.3812,0.051882,0.132309,0.191227,2080.06,ang,0.4658,0.0
test_0023,162.5,26,9.6,all you really need is one person to show you the epiphany of your own power and your off. If you can hand somebody the key.,194.85,0.4018,0.085657,0.1251,0.146348,1972.01,ang,0.8562,0.0
test_0024,222.97,33,8.88,"to their own power. The human spirit is so receptive. If you can do that and open a door for someone at a crucial moment, you are educating them in the best sense.",236.68,0.393,0.07732,0.163065,0.187844,2002.97,ang,0.9763,0.0303
test_0025,114.8,15,7.84,you're teaching them to open doors for themselves. The exact meaning of the word educate.,206.24,0.4964,0.053194,0.177635,0.203102,2093.8,ang,0.9948,0.0
test_0026,155.64,29,11.18,"comes from the root word, it do's. It means to bring forth what is within, to bring out potential. So again, which potential do we want to bring out?",198.63,0.4049,0.048114,0.153597,0.202116,2141.92,ang,0.979,0.0345
test_0027,175.78,30,10.24,"There was a case that he'd done in the 1960s Britain when they were moving from grammar schools to comprehensive schools, it's called the streaming trials. We call it tracking.",216.03,0.328,0.074256,0.128131,0.199799,2042.22,ang,0.6564,0.0
test_0028,182.93,15,4.92,"here in the states. It's separating students from a, b, c, d, and so on.",208.1,0.4217,0.055569,0.161884,0.206608,2364.49,ang,0.4879,0.0667
test_0029,190.24,26,8.2,I was reading this list out loud to a friend and it first was laughing. It was so ludicrous. But I just got and passed mangled.,234.62,0.4203,0.074474,0.168668,0.223075,1982.57,ang,0.9032,0.0385
test_0030,181.32,44,14.56,"and the A students get the top or curriculum, the best teachers, et cetera. Well, they took over a three-month period, D-level students gave them A's, told them they were A's, told them they were bright, and at the end of this three-month period.",221.06,0.3625,0.073741,0.124842,0.190761,2077.36,ang,0.6103,0.0
test_0031,157.53,23,8.76,"They were performing at a level. And of course, the heartbreaking flip side of the study is that they took the A students.",197.19,0.3759,0.057007,0.198212,0.226221,2058.66,hap,0.604,0.0
test_0032,217.29,31,8.56,"and told them they were d's. And that's what happened. At the end of that three-month period, those who were still around in school besides the dropped people had dropped out.",188.71,0.3362,0.063631,0.159855,0.218992,1894.51,ang,0.938,0.0
test_0033,125.0,16,7.68,"This is a crucial part of this case study, was that the teachers were dupped too.",199.08,0.3902,0.066112,0.137352,0.217109,2251.6,ang,0.875,0.0
test_0034,221.43,31,8.4,"The teachers didn't know a switch had been made. They were simply told, these are the A students, these are the D students, and that's how they went about teaching them.",229.15,0.3748,0.06947,0.133365,0.174352,2201.17,ang,0.7421,0.0
test_0035,72.0,6,5.0,"and treating them. So, I think.",185.41,0.4901,0.030817,0.218875,0.210007,2249.5,hap,0.8109,0.1667
test_0036,104.8,16,9.16,is a crushed spirit. A spirit that's been crushed doesn't have hope. It doesn't see beauty.,211.04,0.5096,0.041629,0.188267,0.22419,2242.76,ang,0.9198,0.0
test_0037,123.53,14,6.8,But no longer has our natural childlike curiosity and our innate ability to imagine.,205.29,0.3116,0.077361,0.136497,0.161751,1973.95,ang,0.6432,0.0
test_0038,112.5,15,8.0,my voice broke and I had to stop and collect myself from the emotional shock.,208.92,0.4531,0.049159,0.245181,0.204722,2055.15,ang,0.7801,0.0
test_0039,135.0,18,8.0,"If instead, we can bolster a human spirit to keep hope, to see beauty in themselves and others.",222.47,0.4064,0.091174,0.17428,0.19137,2171.31,ang,0.9505,0.0
test_0040,144.44,13,5.4,"to be curious and imaginative, then we are truly using our power well.",212.19,0.3331,0.098194,0.156478,0.154637,1920.18,ang,0.9133,0.0
test_0041,144.0,18,7.5,"When a spirit has those qualities, we are able to create new realities and new ways of being.",189.69,0.2857,0.086821,0.120766,0.162183,1919.95,ang,0.9282,0.0
test_0042,183.21,16,5.24,I'd like to leave you with a poem by a 14th century Persian poet named Hathas.,212.23,0.4551,0.046238,0.166137,0.198206,2094.38,ang,0.8131,0.0625
test_0043,147.98,22,8.92,"And my friend, Jacques Dembois, told me about. And a poem is called The God Who Only Knows Four Words. Every child.",213.89,0.4902,0.055381,0.1765,0.18707,2103.6,ang,0.747,0.0
test_0044,128.57,21,9.8,"has known God, not the God of names, not the God of don'ts, but the God who only knows for words.",189.32,0.4183,0.049222,0.135009,0.156217,1898.11,ang,0.9623,0.0
test_0045,69.66,15,12.92,"and keeps repeating them, saying, come, dance with me. Come, dance with me. Thank you.",164.64,0.4344,0.044171,0.188929,0.202306,2038.57,ang,0.8514,0.0
test_0046,122.73,9,4.4,an impact that the assault from these words unleashed.,229.01,0.5061,0.061124,0.18674,0.209982,2049.01,ang,0.4602,0.0
test_0047,178.85,31,10.4,"And I'm, of course, this is my raggedy old thasara, so I'm thinking this must be an ancient print date, right? But in fact, a print date was the early 1980s.",217.41,0.3907,0.073686,0.131754,0.214766,2059.31,hap,0.5326,0.0645
test_0048,194.12,44,13.6,"When I would have been starting primary school and forming an understanding of myself, outside the family unit, and as related to the other kids in the world around me, and needless to say, thank God I wasn't using it the Sorris back then.",217.43,0.4105,0.076369,0.15184,0.174581,1935.85,ang,0.9017,0.0
test_0049,144.58,32,13.28,"I mean, from this entry, it would seem that I was born into a world that perceived someone like me to have nothing positive whatsoever going for them. When in fact today.",254.61,0.4463,0.046923,0.180787,0.193478,1935.79,ang,0.6303,0.0312
test_0050,180.45,32,10.64,I'd like to share with you a discovery that I made a few months ago while writing an article for Italian wired. I always keep my thasaurus handy whenever I'm writing anything.,223.73,0.3297,0.065562,0.082575,0.178171,2004.84,ang,0.9227,0.0312
test_0051,105.0,14,8.0,"I'm celebrated for the opportunities and adventures my life have procured. So, I immediately",212.24,0.4635,0.044688,0.194299,0.182642,2038.75,hap,0.7859,0.0714
test_0052,146.67,22,9.0,"went to look up the 2009 online edition, expecting to find a revision worth noting. Here's the updated version of this entry.",223.75,0.4802,0.036049,0.161702,0.203126,1991.07,hap,0.4907,0.0
test_0053,94.74,18,11.4,"Unfortunately, it's not much better. I find the last two words under near-antunums, particularly unsettling, whole and wholesome.",226.75,0.4912,0.05135,0.14303,0.184164,2023.04,hap,0.6678,0.0
test_0054,164.89,31,11.28,It's what we believe about people when we name them with these words. It's about the values behind the words and how we construct those values. Our language affects our thinking.,207.0,0.422,0.058865,0.139506,0.166519,1830.4,ang,0.9807,0.0
test_0055,168.0,28,10.0,"and how we view the world and how we view other people. In fact, many ancient societies, including the Greeks and the Romans, believed that two utter occurs.",212.08,0.3953,0.079186,0.136741,0.174527,1906.97,ang,0.9839,0.0
test_0056,128.57,15,7.0,verbally was so powerful because to say the thing out loud brought it into existence.,212.21,0.3982,0.059023,0.176157,0.212031,1974.58,ang,0.9957,0.0667
test_0057,138.77,21,9.08,So what reality do we want to call into existence? A person who is limited or a person who is empowered.,222.98,0.3697,0.077382,0.183955,0.194182,1883.67,ang,0.6845,0.0476
test_0058,197.29,34,10.34,I had already finished editing the piece and I realized that I had never once in my life looked up the word disabled to see what I'd find. Let me read you the entry.,223.09,0.4213,0.061694,0.16083,0.166228,2152.73,ang,0.8337,0.0
test_0059,144.0,12,5.0,"by casually doing something as simple as naming a person, a child.",224.81,0.3787,0.044863,0.154737,0.165018,1968.61,ang,0.739,0.0
test_0060,127.66,20,9.4,We might be putting lids and casting shadows on their power. Wouldn't we want to open doors for them instead?,208.79,0.3786,0.062783,0.142812,0.177025,1928.61,ang,0.8886,0.0
test_0061,156.0,26,10.0,"Once a person who opened doors for me was my childhood doctor at the AI department institute in Wilmington, Delaware. His name is Dr. Pete Sattillo.",243.37,0.3525,0.079233,0.122387,0.202789,1945.62,ang,0.8715,0.0
test_0062,180.0,24,8.0,"You know, Italian American, whose name apparently was too difficult for most Americans to pronounce, so he went by Dr. P. And Dr. P.",224.57,0.4185,0.049435,0.134928,0.183062,2068.56,ang,0.6764,0.0833
test_0063,142.86,16,6.72,always were really colorful bow ties and had the very perfect disposition to work with children.,209.18,0.3748,0.066052,0.088625,0.190226,1949.64,hap,0.8426,0.0
test_0064,126.67,19,9.0,"I loved almost everything about my time spent at this hospital, which the exception of my physical therapy sessions.",229.68,0.5038,0.041076,0.192317,0.212897,2068.96,hap,0.8093,0.0
test_0065,114.5,20,10.48,"I had to do what seemed like innumerable repetitions of exercises with these thick, elastic, bands, different colors, you know.",235.37,0.4675,0.041756,0.123907,0.187262,2070.64,hap,0.4977,0.1
test_0066,216.76,25,6.92,"to help build up my leg muscles and I hated these bands more than anything. I hated them, had names for them, I hated them.",215.58,0.3626,0.050492,0.105872,0.173709,1919.04,ang,0.8523,0.0
test_0067,219.1,26,7.12,"You know, I was already bargaining at the five-year-old child with Dr. P to try to get out of doing these exercises on successfully, of course.",219.8,0.4102,0.062253,0.114797,0.224153,1989.07,ang,0.9881,0.0385
test_0068,97.83,12,7.36,And one day he came in to my session exhaustive and unforgiving.,221.91,0.3854,0.063627,0.181138,0.183683,2103.95,hap,0.9815,0.0
test_0069,161.39,17,6.32,"these sessions and he said to me, wow, Amy, you are such a strong, powerful little girl.",258.16,0.4105,0.072553,0.167748,0.182131,2015.58,ang,0.965,0.0
test_0070,217.29,31,8.56,"I think you're going to break one of those bands. When you do break it, I'm going to give you a hundred bucks. Now, of course, this was a simple play.",230.57,0.415,0.041841,0.175008,0.196488,1960.05,ang,0.6362,0.0
test_0071,231.38,29,7.52,on Dr. Peas part to get me to do the exercises I didn't want to do before the prospect of being the richest fighter-old in the Second Floor Ward.,224.4,0.4207,0.076696,0.175496,0.198797,1935.71,ang,0.9656,0.0
test_0072,114.55,21,11.0,But what he effectively did for me was reshape an awful daily occurrence into a new and promising experience for me.,235.08,0.3433,0.056291,0.159503,0.2009,1989.97,ang,0.5847,0.0
test_0073,146.34,16,6.56,And I have to wonder today to what extent his vision and his declaration of me.,219.63,0.3644,0.053971,0.147989,0.202189,2020.28,ang,0.7676,0.0
test_0074,138.89,25,10.8,"as a strong and powerful little girl. Shape my own view of myself as an inherently strong, powerful and athletic person well into the future.",212.83,0.4454,0.055773,0.198471,0.170543,1922.51,ang,0.6923,0.0
test_0075,154.29,18,7.0,This is an example of how adults and positions of power can ignite the power of a child.,219.58,0.4185,0.064318,0.121017,0.189785,1986.67,ang,0.84,0.0
test_0076,144.87,24,9.94,"But in the previous instances of those the SARS-N-3, our language isn't allowing us to evolve into the reality that we would all want.",229.33,0.3056,0.075342,0.131668,0.15226,1827.63,ang,0.6123,0.0
test_0077,132.0,11,5.0,Now the possibility of an individual to see themselves as capable.,214.54,0.3384,0.098453,0.132433,0.167735,2073.85,ang,0.9286,0.0
test_0078,54.88,6,6.56,"disabled, adjectives. Crifled, helpless, useless, wrecked.",256.39,0.5848,0.045092,0.260981,0.269232,2341.71,ang,0.508,0.0
test_0079,156.9,25,9.56,"Our language hasn't caught up with the changes in our society, many of which have been brought about by technology. Certainly from a medical standpoint.",211.47,0.3653,0.06505,0.157113,0.172189,2081.74,ang,0.8902,0.0
test_0080,146.25,39,16.0,"my legs, you know, laser surgery for vision impairment, titanium, knees and hip replacements for aging bodies that are allowing people to more fully engage with their abilities and move beyond the limits that nature is imposed on them.",225.06,0.3105,0.063662,0.086839,0.162982,1919.65,ang,0.6809,0.0256
test_0081,152.54,30,11.8,"not to mention social networking platforms. It allows people to self-identify to claim their own descriptions of themselves, so they can go align with global groups of their own choosing.",207.6,0.3155,0.065506,0.108317,0.173871,2061.03,ang,0.8824,0.0333
test_0082,128.98,27,12.56,So perhaps technology is revealing more clearly to us now what has always been a truth that everyone has something rare and powerful to offer our society.,199.33,0.363,0.074624,0.141302,0.18301,1912.79,ang,0.5076,0.037
test_0083,132.0,22,10.0,and that the human ability to adapt is our greatest asset. And human ability to adapt is an interesting thing. Because people...,211.22,0.5395,0.07341,0.144085,0.184958,2091.76,hap,0.6891,0.0
test_0084,174.42,10,3.44,have continually wanted to talk to me about overcoming adversity.,193.35,0.1367,0.075795,0.038387,0.167671,1687.18,ang,0.9865,0.0
test_0085,177.7,34,11.48,"and I'm gonna make an admission, this phrase never sat right with me. And I always felt uneasy trying to answer people's questions about it, and I think I'm starting to figure out why.",203.11,0.3522,0.056948,0.132005,0.185832,1960.12,ang,0.8123,0.0294
test_0086,120.0,14,7.0,implicit in this phrase of overcoming adversity is the idea that success or happiness.,232.34,0.4913,0.077421,0.181082,0.197209,2162.36,hap,0.8032,0.0
test_0087,145.71,17,7.0,is about emerging on the other side of a challenging experience unscathed or unmarked by the experience.,210.65,0.3889,0.068738,0.168594,0.169109,2061.57,ang,0.9039,0.0
test_0088,191.12,33,10.36,As if my success in life has come about from an ability to side step or circumnavigate the presumed pitfalls of a life with prosthetics or what other people perceive as my disability.,220.03,0.2881,0.067177,0.108805,0.185961,1999.8,ang,0.9597,0.0
test_0089,144.69,30,12.44,"But in fact, we are changed. We are marked, of course, by a challenge, whether physically, emotionally, or both. And I'm going to suggest that this is a good thing.",215.52,0.4344,0.067753,0.163815,0.19528,1994.97,hap,0.8436,0.0
test_0090,176.0,22,7.5,adversity isn't an obstacle that we need to get around in order to resume living our life. It's part of our life.,193.18,0.3727,0.085895,0.150072,0.162786,2032.58,ang,0.556,0.0
test_0091,184.83,26,8.44,"And I tend to think of it like my shadow. Sometimes I see a lot of it. Sometimes there's very little, but it's always with me.",198.91,0.3571,0.069275,0.127196,0.170828,1978.37,hap,0.6592,0.0385
test_0092,134.21,17,7.6,"That's certainly, I'm not trying to diminish the impact, the weight of a person's struggle. There is.",237.7,0.466,0.068517,0.166445,0.175787,2093.56,ang,0.7992,0.0
test_0093,208.33,35,10.08,adversity and challenge in life and it's all very real and relative to every single person. But the question isn't whether or not you're going to meet adversity but how you're going to meet it.,230.85,0.4296,0.080257,0.159627,0.161908,1971.26,ang,0.7717,0.0
test_0094,123.97,20,9.68,"So our responsibility is not simply shielding those we care for from adversity, but preparing them to meet it wealth.",210.29,0.4194,0.064786,0.16741,0.184888,1931.01,ang,0.9411,0.05
test_0095,121.28,19,9.4,And we do a disservice to our kids when we make them feel that they're not equipped to adapt.,188.12,0.4292,0.072912,0.187453,0.203495,2162.36,ang,0.8732,0.0
test_0096,64.81,7,6.48,"It's called, Mamed, Wounded, mangled, lame, mutilated.",207.72,0.3096,0.042939,0.132739,0.15788,2056.64,ang,0.5607,0.0
test_0097,129.81,27,12.48,There's an important difference and distinction between the objective medical fact of my being an amputee and the subjective societal opinion of whether or not I'm disabled.,227.65,0.3859,0.073322,0.16091,0.198774,2111.81,ang,0.8617,0.0
test_0098,148.22,25,10.12,"And truthfully, the only real and consistent disability I've had to confront is the world ever thinking that I could be described by those definitions.",229.06,0.3911,0.059052,0.088814,0.167495,1971.88,ang,0.4903,0.0
test_0099,191.08,20,6.28,"In our desire to protect those we care about by giving them the cold, hard truth about their medical prognosis.",227.92,0.2519,0.085784,0.099251,0.182425,1885.62,ang,0.9959,0.0
test_0100,185.9,29,9.36,or indeed a prognosis on the expected quality of their life. We have to make sure that we don't put the first brick in a wall that will actually...,214.34,0.32,0.073154,0.14746,0.182102,1930.29,ang,0.7668,0.0345
test_0101,140.0,21,9.0,disabled someone. Perhaps the existing model of only looking at what is broken and new and how do we fix it.,192.08,0.4227,0.059123,0.142417,0.197582,2016.59,ang,0.793,0.0
test_0102,133.33,20,9.0,serves to be more disabling to the individual than the pathology itself. By not treating the wholeness of a person.,185.12,0.3067,0.066851,0.12736,0.164762,2045.99,ang,0.958,0.0
test_0103,150.0,19,7.6,"By not acknowledging their potency, we are creating another ill on top of whatever natural struggle they might have.",198.99,0.1939,0.08282,0.067645,0.147247,1822.21,ang,0.978,0.0
test_0104,105.88,24,13.6,we are effectively grading someone's worth to our community. So we need to see through the pathology and into the range of human capabilities.,199.38,0.3696,0.062617,0.157973,0.194945,1994.71,ang,0.5518,0.0417
test_0105,100.9,15,8.92,"And most importantly, there's a partnership between those perceived efficiencies and our greatest creative ability.",210.74,0.4549,0.068572,0.152811,0.185189,2124.33,hap,0.7592,0.0
test_0106,153.85,28,10.92,So it's not about devaluing or negating these more trying times as something we want to avoid or sweep under the rug. But instead to find those opportunities.,190.49,0.3191,0.088909,0.117842,0.159209,1913.79,ang,0.8501,0.0357
test_0107,62.5,9,8.64,"Run down, worn out, weakened, impotent, castrated, paralyzed, handicapped.",226.27,0.4287,0.051509,0.19228,0.195128,2166.79,ang,0.9408,0.0
test_0108,139.07,28,12.08,wrapped in the adversity. So maybe the idea I want to put out there is not so much overcoming adversity as it is opening ourselves up to it.,200.51,0.4565,0.040633,0.135735,0.199675,1992.49,hap,0.605,0.0714
test_0109,109.38,14,7.68,embracing it. Grappling with it. Use a wrestling term. Maybe even dancing with it.,193.42,0.5902,0.045119,0.190581,0.166832,1918.08,hap,0.9226,0.0
test_0110,103.64,19,11.0,"And perhaps if we see adversity as natural, consistent, and useful, we're less burdened by the presence of it.",212.21,0.4595,0.059945,0.177794,0.209768,2107.85,hap,0.5306,0.0
test_0111,167.27,31,11.12,"This year we celebrate the 200 birthday of Charles Darwin. And it was 150 years ago when writing about evolution, the Darwin illustrated, I think, a truth about the human character.",208.72,0.3831,0.061829,0.095336,0.186364,1972.43,ang,0.5579,0.0
test_0112,158.76,29,10.96,to paraphrase. It's not the strongest of the species that survives. Nor is it the most intelligent that survives. It is the one that is most adaptable to change.,199.32,0.3175,0.089566,0.121603,0.177025,2167.86,hap,0.8059,0.0
test_0113,111.86,22,11.8,"conflict is the genesis of creation. From Darwin's work amongst others, we can recognize that the human ability to survive and flourish.",214.97,0.4477,0.06677,0.191663,0.175236,2142.57,ang,0.683,0.0
test_0114,103.09,20,11.64,"is driven by the struggle of the human spirit through conflict into transformation. So again, transformation adaptation is our greatest.",217.4,0.3373,0.042849,0.146192,0.196538,2109.45,ang,0.5271,0.05
test_0115,146.23,31,12.72,"human skill. And perhaps, you know, until we're tested, we don't know where made of. Maybe that's what adversity gives us, a sense of self, a sense of our own power.",191.23,0.4817,0.041792,0.250007,0.188623,2097.71,hap,0.6218,0.0323
test_0116,98.82,14,8.5,"Scenial, decrepit, laid up, done up, done for, done in, cracked up, counted out.",255.38,0.477,0.061777,0.182674,0.198282,2023.11,ang,0.9993,0.0
test_0117,120.0,18,9.0,So we can give ourselves a gift. We can reimagine adversity as something more than just tough times.,200.71,0.3351,0.058213,0.12613,0.164023,2073.58,hap,0.6354,0.0556
test_0118,171.43,20,7.0,Maybe we can see it as change. Diversity is just change that we have an adapt that ourselves to yet.,200.3,0.3987,0.063731,0.157909,0.194042,2283.68,ang,0.5894,0.0
test_0119,180.0,15,5.0,I think the greatest adversity that we've created for ourselves is this idea of normalcy.,242.71,0.3458,0.067029,0.127664,0.186767,1905.02,ang,0.9064,0.0
test_0120,77.14,9,7.0,Who's normal? There's no normal. There's common. There's typical.,226.11,0.5813,0.07378,0.201305,0.165975,1934.09,hap,0.5953,0.0
test_0121,182.01,29,9.56,There's no normal. And would you want to meet that poor beige person if they existed? I don't think so. If we can change this paradigm from one of...,231.55,0.4922,0.065619,0.166314,0.166518,1947.62,hap,0.7258,0.0345
test_0122,153.97,31,12.08,"achieving normalcy, to want a possibility or potency, to be even a little bit more dangerous. We can release the power of so many more children and invite them to engage.",202.98,0.4325,0.063013,0.147172,0.150826,1993.56,ang,0.8388,0.0323
test_0123,166.67,35,12.6,"their rare and valuable abilities with the community. Anthropologists tell us that the one thing we as humans have always required of our community members is to be of use, to be able to contribute.",204.72,0.373,0.06097,0.115627,0.164929,1939.15,ang,0.8554,0.0
test_0124,106.67,16,9.0,"There's evidence that Neanderthals 60,000 years ago carried their elderly and those with serious physical injury.",210.17,0.4267,0.041755,0.151887,0.190686,2143.13,ang,0.7704,0.0
test_0125,135.0,18,8.0,and perhaps it's because the life experience of survival of these people proved of value to the community.,205.74,0.3793,0.056632,0.173285,0.198228,2063.06,ang,0.8982,0.0
test_0126,148.15,16,6.48,They didn't view these people as broken and useless. They were seen as rare and valuable.,194.51,0.4237,0.08077,0.148919,0.181466,2024.94,ang,0.8835,0.0
test_0127,179.69,23,7.68,"She's okay, the question is whether we will be. And one reason is this enormous heat sink heats up Greenland from the North.",202.31,0.5283,0.130916,0.15909,0.18321,1837.86,ang,0.6739,0.0
test_0128,160.71,21,7.84,"This is an annual melting river, but the volumes are much larger than ever. This is the Kangor-Lusic River in Southwest.",161.2,0.322,0.128298,0.123483,0.182372,1834.89,neu,0.638,0.0
test_0129,184.09,27,8.8,"Greenland, if you want to know how sea level rises from land-based ice melting, this is where it reaches the sea. These flows are increasing very rapidly.",158.53,0.452,0.12914,0.149954,0.170532,1860.54,neu,0.7143,0.0
test_0130,190.1,32,10.1,"At the other end of the planet, Antarctica, the largest mass of ice on the planet, last month's scientists reported the entire continent is now a negative ice balance and west Antarctica.",164.36,0.4687,0.12741,0.142913,0.186853,1727.42,ang,0.4636,0.0
test_0131,187.5,25,8.0,Proped up on top of under sea islands is particularly rapid in its melting. That's equal to 20 feet of sea level as is Greenland.,155.51,0.5155,0.104905,0.158236,0.235773,1702.7,neu,0.8113,0.0
test_0132,233.71,55,14.12,"In the Himalayas, the third largest mass of ice, at the top you see new lakes, which a few years ago were glaciers. 40% of all the people in the world get half of their drinking water from that melting flow. In the Andes, this glacier is the source of drinking water for this city.",163.16,0.4291,0.111825,0.110044,0.171348,1638.04,hap,0.6878,0.0
test_0133,182.84,54,17.72,"The flows have increased, but when they go away, so does much of the drinking water. In California, there's been a 40% decline in the Sierra Snow Pack. This is hitting the reservoirs and the predictions as you've read are serious. This drying around the world has led to a dramatic increase in fires.",169.77,0.5499,0.109033,0.161318,0.184141,1636.49,hap,0.6281,0.0185
test_0134,161.89,49,18.16,"And the disasters around the world have been increasing at an absolutely extraordinary and unprecedented rate. Four times as many in the last 30 years as in the previous 75. This is a completely unsustainable pattern. If you look at it in the context of history, you can see.",156.64,0.3206,0.101529,0.107408,0.193568,1709.88,hap,0.541,0.0
test_0135,240.0,4,1.0,What this is doing?,146.21,0.428,0.154059,0.205272,0.234219,1545.5,neu,0.7977,0.0
test_0136,219.8,37,10.1,"Last year I showed these two slides so that demonstrate that the Arctic ice cap, which for most of the last 3 million years has been the size of the lower 48 states, has shrunk by 40%.",137.03,0.7234,0.107523,0.21836,0.185982,1803.97,ang,0.4834,0.027
test_0137,171.64,23,8.04,"In the last five years, we've added 70 million tons of CO2 every 24 hours, 25 million tons every day to the oceans.",167.75,0.3464,0.125118,0.119567,0.17319,1824.47,ang,0.5644,0.0
test_0138,186.79,33,10.6,Look carefully at the area of the eastern Pacific from the Americas extending westward and on either side of the Indian subcontinent where there is a radical population of oxygen in the ocean.,158.69,0.3756,0.110797,0.129742,0.178998,1597.44,neu,0.5186,0.0
test_0139,209.5,25,7.16,"The biggest single cause of global warming, along with deforestation, which is 20% of it, is the burning of fossil fuels. Oil is a problem.",170.83,0.3464,0.13283,0.123123,0.184971,1547.07,hap,0.7373,0.0
test_0140,209.22,59,16.92,"and coal is the most serious problem. The United States is one of the two largest emitters along with China, and the proposal has been to build a lot more coal plants. But we're beginning to see a sea change. Here are the ones that have been canceled in the last few years with some green alternatives to propose.",172.75,0.468,0.119662,0.13494,0.188737,1725.14,hap,0.5507,0.0
test_0141,160.71,42,15.68,"However, there is a political battle in our country. And the coal industry and the oil industry spent a quarter of a billion dollars in the last calendar year promoting clean coal, which is an oxymoron. That image reminded me of something.",192.59,0.525,0.116745,0.155447,0.179106,1639.05,hap,0.4397,0.0
test_0142,192.31,50,15.6,"around Christmas, in my home in Tennessee, a billion gallons of coal sludge was spilled. He probably saw it on the news. This all over the country is the second largest waste stream in America. This happened around Christmas. One of the coal industry's ads around Christmas was this one.",178.57,0.5381,0.123117,0.159777,0.187918,1790.83,neu,0.4041,0.0
test_0143,188.57,22,7.0,This is the source of much of the coal in West Virginia. The largest mountain top minor is the head of Massicole.,155.8,0.4313,0.144803,0.16946,0.138284,1413.11,neu,0.4197,0.0
test_0144,191.25,51,16.0,But this understates the seriousness of this particular problem because it doesn't show the thickness of the ice. The Arctic ice cap is in a sense of the beating heart of the global climate system. It expands in winter and contracts in summer. The next slide I show you will be,152.11,0.5989,0.101242,0.177509,0.181294,1763.56,hap,0.5549,0.0
test_0145,154.29,18,7.0,"Let me be clear about Al Gore, Nancy Pelosi, Harry Reid. They don't know what they're talking about.",213.94,0.6211,0.120414,0.234443,0.150756,1703.72,neu,0.5202,0.0
test_0146,193.55,20,6.2,So the Alliance for Climate Protection has launched a two-campaign. This is one of them. Part of one of them.,158.97,0.323,0.122088,0.092618,0.185225,1675.96,neu,0.6571,0.05
test_0147,189.23,41,13.0,We view climate change as a very serious threat to our business. That's why we've made it our primary goal to spend a large sum of money on an advertising effort to help bring out and complicate the truth about goal.,220.83,0.6953,0.122612,0.323594,0.135733,2015.9,ang,0.5918,0.0
test_0148,191.86,11,3.44,"The fact that this coal isn't dirty, we think it's clean.",196.07,0.5321,0.158418,0.223568,0.126118,1773.08,sad,0.3995,0.0
test_0149,150.0,11,4.4,So don't worry about climate change. Leave that up to us.,139.58,0.6391,0.178324,0.181948,0.073996,1578.9,sad,0.9094,0.0909
test_0150,188.57,22,7.0,clean coal. It heard a lot about it. So let's take a tour of the state of the art clean coal facility.,223.34,0.5316,0.131356,0.162654,0.162281,2167.74,hap,0.66,0.0455
test_0151,191.08,40,12.56,"a rapid fast forward of what's happened over the last 25 years. The permanent ice is marked in red. And as you see, it expands to the dark blue. That's the annual ice and winter and it contracts in summer.",152.68,0.5578,0.101209,0.151748,0.189144,1633.79,hap,0.488,0.0
test_0152,143.38,13,5.44,Amazing! Machinery's got a loud! But that's the sound of clean code technology!,351.49,0.2611,0.134867,0.086492,0.112048,2189.85,hap,0.9101,0.0
test_0153,178.38,22,7.4,"And while Burning Cole is one of the leading causes of global warming, the remarkable clean-cold technology you see here changes everything.",334.45,0.2562,0.16547,0.10033,0.129454,2394.27,hap,0.9481,0.0
test_0154,173.68,11,3.8,"Take a good one, look. This is today's clean call technology.",279.85,0.3678,0.129701,0.182816,0.155387,1803.03,hap,0.9755,0.0
test_0155,140.0,14,6.0,"Finally, the positive alternative meshes with our economic challenge and our national security challenge.",162.12,0.5042,0.123181,0.19069,0.18754,1608.81,neu,0.7007,0.0
test_0156,130.95,11,5.04,"America is in crisis, the economy, national security, the climate crisis.",123.0,0.3638,0.198383,0.116717,0.077581,2525.28,sad,0.7392,0.0
test_0157,206.11,18,5.24,The thread that links them all are a fiction to carbon-based fuels like dirty coal and foreign oil.,120.58,0.3333,0.2139,0.093236,0.084999,1902.71,sad,0.9293,0.0556
test_0158,227.68,17,4.48,But now there's a bold new solution to get us out of this mess. We power America.,117.58,0.2597,0.230239,0.076882,0.062235,2524.24,sad,0.7642,0.0
test_0159,171.43,24,8.4,"With 100% clean electricity within 10 years, a plan to put America back to work, make us more secure and help stop global warming.",129.18,0.4352,0.220384,0.153638,0.079584,2114.23,sad,0.7312,0.0
test_0160,166.67,20,7.2,"and the so-called permanentized five years older, you can see it's almost like blood spilling out of the body here.",165.83,0.5691,0.13247,0.176411,0.199929,1487.76,ang,0.792,0.1
test_0161,158.45,15,5.68,"Finally, a solution that's big enough to solve our problems. Repower America. Find out more.",133.35,0.3236,0.188673,0.112125,0.090042,2200.74,hap,0.4505,0.0
test_0162,197.14,23,7.0,It's about reef-hour in America. One of the fastest ways to cut our dependence on old dirty fuels that are killing our planet.,121.6,0.3384,0.18417,0.147519,0.071714,2000.53,sad,0.9914,0.0
test_0163,145.63,10,4.12,"The future's over here. When, Sun, a new energy grid.",156.87,0.5049,0.198053,0.145049,0.076878,1986.28,hap,0.5403,0.0
test_0164,120.0,6,3.0,New investments to create high-paying jobs.,149.13,0.3522,0.214195,0.142543,0.08135,2339.09,sad,0.8308,0.0
test_0165,169.92,29,10.24,"There's an old African proverb that says, if you want to go quickly, go alone. If you want to go far, go together. We need to go far quickly.",176.22,0.6408,0.095017,0.238204,0.184492,1582.78,ang,0.5068,0.0
test_0166,153.85,16,6.24,in 25 years it's gone from this to this. This is a problem because the warming,173.06,0.4694,0.11393,0.160775,0.200394,1782.03,ang,0.4626,0.0
test_0167,176.47,50,17.0,"heats up the frozen ground around the Arctic Ocean where there is a massive amount of frozen carbon, which when it thaws is turned into methane by microbes. Compared to the total amount of global warming pollution in the atmosphere, that amount could double if we cross this tipping point.",159.67,0.4198,0.120515,0.112648,0.19497,1543.72,ang,0.3859,0.0
test_0168,188.85,35,11.12,"Already in some shallow lakes in Alaska, methane is actively bubbling up out of the water. Professor Katie Walter from the University of Alaska went out with another team to another shallow lake last winter.",157.38,0.466,0.126321,0.137612,0.177641,1506.73,neu,0.4369,0.0
test_0169,197.37,20,6.08,"I want to say just a word about salad dressing, 175 salad dressings in my supermarket if you don't count.",161.93,0.3256,0.122435,0.101648,0.17803,1583.03,ang,0.8838,0.0
test_0170,186.94,42,13.48,"You could have done better with a thought, with a hundred different kinds of genes on display, there is no excuse for failure. And so when people make decisions, and even though the results of the decisions are good, they feel disappointed.",171.91,0.4025,0.098907,0.161699,0.178091,1685.07,ang,0.9199,0.0238
test_0171,169.52,66,23.36,"about them, they blame themselves. Clinical depression has exploded in the industrial world in the last generation. I believe a significant not the only, but a significant contributor to this explosion of depression and also suicide is that people have experiences that are disappointing because their standards are so high. And then when they have to explain these experiences to themselves, they think they're at fault.",174.86,0.5771,0.066901,0.143242,0.179477,1778.06,ang,0.4671,0.0152
test_0172,180.0,18,6.0,And so the net result is that we do better at in general objectively and we feel worse.,149.93,0.4926,0.107929,0.160428,0.171974,1474.1,ang,0.4887,0.0556
test_0173,171.69,19,6.64,"So, let me remind you, this is the official dogma, the one that we all take to be true.",188.66,0.6138,0.110269,0.171349,0.178236,1777.53,ang,0.494,0.0526
test_0174,145.95,18,7.4,and it's all false. It is not true. There's no question that some choice is better than none.,152.45,0.4569,0.090064,0.208577,0.222207,1951.09,ang,0.8556,0.0
test_0175,198.61,38,11.48,"but it doesn't follow from that that more choice is better than some choice. There's some magical amount, I don't know why it is. I'm pretty confident that we have long since passed the point where options improve.",155.92,0.5,0.076422,0.16312,0.200161,1792.8,ang,0.6053,0.0
test_0176,171.61,27,9.44,"our welfare. Now, as a policy matter, I'm almost done. As a policy matter, the thing to think about is this. What enables all of this choice.",174.32,0.5454,0.081741,0.204839,0.16733,1861.69,ang,0.7697,0.0
test_0177,168.37,22,7.84,in industrial societies is material affluence. There are lots of places in the world and we have heard about several of them.,142.97,0.3742,0.104699,0.145982,0.188295,1982.8,ang,0.8591,0.0
test_0178,194.56,31,9.56,"where their problem is not that they have too much choice, their problem is that they have too little. So the stuff I'm talking about is the peculiar problem of modern.",168.48,0.4164,0.096933,0.115863,0.19596,1526.61,ang,0.8352,0.0323
test_0179,144.44,26,10.8,affluent Western societies. And what is so frustrating and infuriating is this. Steve Leve talked to you yesterday about how these expensive and difficult to install.,174.35,0.4019,0.082152,0.162908,0.205809,2015.84,ang,0.6824,0.0385
test_0180,180.83,39,12.94,"The 10 extra virgin olive oils and 12 ball-samic vinegars, you could buy to make a very large number of your own salad dressings in the off-chance that none of the 175 the store has on offer, suit you.",160.25,0.694,0.10356,0.227347,0.181808,1574.06,hap,0.4391,0.0
test_0181,93.75,5,3.2,"infants, child seats, don't help.",161.49,0.3475,0.073239,0.187242,0.264721,2104.09,ang,0.9956,0.0
test_0182,152.54,30,11.8,"It's a waste of money. What I'm telling you is that these expensive, complicated choices. It's not simply that they don't help. They actually hurt. They actually make us worse.",175.33,0.4587,0.072353,0.17592,0.218308,1970.42,ang,0.6661,0.0667
test_0183,164.77,29,10.56,"off. If some of what enables people in our societies to make all of the choices we make, we're shifted to societies in which people have to few options.",168.92,0.4489,0.109977,0.17034,0.185827,1895.26,ang,0.8088,0.0
test_0184,164.06,28,10.24,"Not only with those people's lives being improved, but ours would be improved also. It's just why economists call a Pareto improving move. Income redistribution will make everyone.",165.42,0.4689,0.104045,0.20626,0.182182,1485.22,ang,0.6165,0.0
test_0185,161.68,18,6.68,"better off, not just poor people, because of how all this excess choice plays us. So to conclude.",193.43,0.7154,0.081444,0.367074,0.229962,1854.49,hap,0.4627,0.0556
test_0186,191.18,26,8.16,"You're supposed to read this cartoon and being a sophisticated person, say, what is this fish? No. You know, nothing is possible in this fish bowl.",173.97,0.496,0.108079,0.179282,0.190072,1940.5,hap,0.7269,0.0385
test_0187,232.39,33,8.52,"Improversed imagination, a myopic view of the world, and that's the way I read it at first. The more I thought about it, however, the more I came to the view that this...",174.89,0.5408,0.117426,0.153646,0.162736,1538.63,ang,0.6599,0.0
test_0188,154.98,28,10.84,"no something. Because the truth of the manner is that if you shatter the fish bowl so that everything is possible, you don't have freedom, you have paralysis.",170.8,0.3255,0.085434,0.181415,0.181258,1825.43,ang,0.9518,0.0357
test_0189,191.01,34,10.68,"So this is what the supermarket is like. And then you go to the Consumer Electronics Door to set up a stereo system, speakers, CD player, tape player, tuner, amplifier, and in this one.",162.56,0.4618,0.118574,0.165193,0.17215,1667.22,ang,0.6217,0.0588
test_0190,130.0,13,6.0,"If you shatter this fishbowl so that everything is possible, you decrease satisfaction.",170.62,0.4805,0.0927,0.174285,0.21883,2093.74,ang,0.8859,0.0769
test_0191,134.33,18,8.04,You increase paralysis and you decrease satisfaction. Everybody needs a fishbowl. This one is almost certainly too limited.,177.98,0.3435,0.107218,0.131745,0.19383,1975.91,ang,0.5515,0.0
test_0192,153.85,28,10.92,perhaps even for the fish certainly for us. But the absence of some metaphorical fishbowl is a recipe for misery and I suspect disaster. Thank you very much.,160.34,0.5615,0.068508,0.201761,0.195416,1911.45,ang,0.5753,0.0
test_0193,114.41,18,9.44,"single consumer electronics store, there are that many stereo systems. We can construct six and a half million.",199.73,0.6925,0.066143,0.262762,0.204901,1899.14,ang,0.9709,0.0
test_0194,175.78,30,10.24,"different stereo systems out of the components that are on offer in one store. You got to admit that's a lot of choice. In other domains, the world of communication.",191.48,0.6726,0.091093,0.24337,0.182122,1729.61,ang,0.4622,0.0
test_0195,234.01,50,12.82,"And there was a time when I was a boy when you could get any kind of telephone service you wanted as long as it came from Mobel. You rented your phone, you didn't buy it. One consequence of that, by the way, is that the phone never broke. And...",171.92,0.7286,0.098306,0.216905,0.174757,1372.3,neu,0.4872,0.0
test_0196,209.84,27,7.72,"Those days are gone. We now have an almost unlimited variety of phones, especially in the world of cell phones. These are cell phones of the future.",167.12,0.469,0.112551,0.181147,0.181039,1602.48,hap,0.6904,0.0
test_0197,161.39,17,6.32,"My favorite is the middle one, the MP3 player knows hair trimmer and cremberly torch. And if...",201.44,0.4617,0.126063,0.115413,0.170641,1541.95,hap,0.6681,0.0
test_0198,230.77,38,9.88,"If by some chance you haven't seen that in your store yet, you can rest assured that one day soon you will. And what this does is it leads people to walk into their store's asking this question.",193.38,0.4507,0.099472,0.096726,0.192666,1719.88,ang,0.8925,0.0
test_0199,265.71,31,7.0,I'm going to talk to you about some stuff that's in this book of mine that I hope will resonate with other things that you've already heard and I'll try to.,154.36,0.3713,0.135999,0.13397,0.1838,1447.44,ang,0.7761,0.0
test_0200,211.36,31,8.8,And do you know what the answer to this question now is? The answer is no. It is not possible to buy a cell phone that doesn't do too much. So...,215.71,0.6858,0.090309,0.311098,0.181026,1787.91,ang,0.8235,0.0645
test_0201,152.78,33,12.96,"In other aspects of life that are much more significant than buying things, the same explosion of choice is true. Healthcare. It is no longer the case in the United States that you...",190.12,0.6135,0.101682,0.210791,0.190684,1762.78,ang,0.8119,0.0
test_0202,246.58,36,8.76,"Go to the doctor and the doctor tells you what to do. Instead, you go to the doctor and the doctor tells you what we could do, or we could do B. A has these benefits.",168.46,0.431,0.110933,0.150045,0.186565,1579.93,ang,0.9919,0.0
test_0203,186.67,28,9.0,"and these risks. B has these benefits and these risks. What do you want to do? And you say, Doc, what should I do? And the doc says,",159.57,0.58,0.077224,0.248968,0.204001,1960.82,ang,0.9914,0.0
test_0204,202.42,39,11.56,"A has these benefits and risks, and B has these benefits of risks, what do you want to do? And you say, if you were me doc, what would you do? And the doc says, but I'm not you.",179.35,0.5083,0.086611,0.220484,0.182661,1756.96,ang,0.9702,0.0
test_0205,197.96,71,21.52,"And the result is we call it patient autonomy, which makes it sound like a good thing. But what it really is is a shifting of the burden and the responsibility for decision making. From somebody who knows something, namely the doctor, somebody who knows nothing and is almost certainly sick and thus not in the best shape to be making decisions, namely the patient. There's enormous marketing of prescription drugs.",166.29,0.5886,0.091218,0.215924,0.178216,1699.4,hap,0.6971,0.0141
test_0206,247.01,55,13.36,"to people like you and me, which if you think about it, makes no sense at all since we can't buy them. Why do they market to us if we can't buy them? The answer is that they expect us to call our doctors the next morning and ask for our prescriptions to be changed.",156.0,0.4005,0.088731,0.139031,0.176939,1705.41,ang,0.6283,0.0182
test_0207,117.07,16,8.2,something as dramatic as our identity is now become a matter of choice. As the slide.,163.31,0.5479,0.07488,0.20277,0.190035,1958.77,ang,0.9082,0.0
test_0208,235.29,48,12.24,"is meant to indicate. We get to, we don't inherit an identity, we get to invented, and we get to reinvent ourselves as often as we like. And that means that every day when you wake up in the morning, you have to decide what kind of person.",170.84,0.5293,0.096795,0.171998,0.141908,1573.73,ang,0.439,0.0208
test_0209,125.0,11,5.28,you want to be. In with respect to marriage and family.,170.62,0.5939,0.069566,0.141612,0.186756,1762.84,ang,0.4641,0.0
test_0210,188.57,22,7.0,make some connections myself in case the you miss them. But I want to start with what I call the official dogma.,170.95,0.6777,0.10793,0.248274,0.213353,1638.18,ang,0.7745,0.0
test_0211,197.64,39,11.84,"There was a time when the default assumption that almost everyone had is that you got married as soon as you could, and then you started having kids as soon as you could. The only real choice was who?",164.88,0.4384,0.08507,0.167326,0.171362,1719.12,neu,0.4533,0.0
test_0212,150.0,21,8.4,"not when and not what you did after. Nowadays, everything is very much up for grabs. I teach wonderfully intelligent students.",151.05,0.3912,0.087577,0.151349,0.185063,1724.86,ang,0.6658,0.0
test_0213,162.92,29,10.68,"And I assign 20% less work than I used to, and it's not because they're less smart, and it's not because they're less diligent, it's because they are preoccupied.",155.11,0.3473,0.102464,0.116852,0.205024,1690.74,ang,0.8086,0.0
test_0214,214.29,27,7.56,"asking themselves, should I get married or not? Should I get married now? Should I get married later? Should I have kids first or a career first?",165.43,0.4453,0.100321,0.19146,0.173215,1750.7,neu,0.4782,0.0
test_0215,217.11,44,12.16,"All of these are consuming questions. And they're going to answer these questions, whether or not it means not doing all the work I assign and not getting a good grade in my courses. And indeed, they should. These are important questions to answer.",167.91,0.5562,0.099948,0.189974,0.167589,1766.15,ang,0.4529,0.0
test_0216,153.97,31,12.08,"We are blessed as Carl is pointing out with the technology that enables us to work every minute of every day from any place on the planet, except the Randolph Hotel.",163.12,0.5589,0.091003,0.201884,0.191577,1747.75,ang,0.6708,0.0
test_0217,217.02,34,9.4,"There is one corner, by the way, that I'm not going to tell anybody about where you actually wear the Wi-Fi works. I'm not telling you about it because I want to use it.",163.08,0.5872,0.100217,0.171388,0.165424,1514.75,ang,0.7628,0.0294
test_0218,140.29,26,11.12,the official dogma of all Western industrial societies. And the official dogma runs like this. If we are interested in maximizing the welfare of our citizens.,174.29,0.6805,0.081583,0.208282,0.17453,1714.75,ang,0.5108,0.0385
test_0219,200.0,30,9.0,"So what this means, this incredible freedom of choice we have with respect to work, is that we have to make a decision again and again and again about whether",183.0,0.357,0.096489,0.148377,0.192879,1810.82,ang,0.8397,0.0333
test_0220,209.63,45,12.88,we should or shouldn't be working. We can go to watch our kid play soccer and we have our cell phone on one hip and our blackberry on our other hip and our laptop presumably on our laps and even if they're all shut off.,183.49,0.5023,0.092196,0.207176,0.169913,1597.96,ang,0.4288,0.0
test_0221,190.0,19,6.0,"Every minute that we're watching our kid mutilated soccer game, we are also asking ourselves, should I answer this?",168.76,0.3345,0.1276,0.102483,0.160261,1692.6,hap,0.5359,0.0
test_0222,223.96,43,11.52,"cell phone call, should I respond to this email? Should I draft this letter? And even if the answer to the question is no, it's certainly going to make the experience of your kid's soccer game very different than it would have been.",149.57,0.5371,0.099946,0.148474,0.179127,1717.98,ang,0.377,0.0
test_0223,149.28,31,12.46,"So everywhere we look, big things and small things, material things and lifestyle things, life is a matter of choice. And the world we used to live in looked like this.",172.8,0.5556,0.085275,0.184807,0.186129,1924.29,hap,0.5193,0.0645
test_0224,200.0,30,9.0,"That is to say there were some choices, but not everything was a matter of choice. And the world we now live in looks like this. And the question is...",182.02,0.4774,0.095099,0.122466,0.164899,1864.87,hap,0.7291,0.0333
test_0225,126.76,12,5.68,is this good news or bad news? And the answer is yes.,148.23,0.5805,0.050505,0.203615,0.190833,2301.61,ang,0.6073,0.0
test_0226,174.0,29,10.0,"We all know what's good about it, so I'm going to talk about what's bad about it. All of this choice has two effects, two negative effects on people.",186.68,0.5916,0.090585,0.238934,0.183514,1894.59,ang,0.9881,0.0345
test_0227,144.0,24,10.0,The way to do that is to maximize individual freedom. The reason for this is both that freedom is in and of itself good.,168.67,0.5924,0.064678,0.224621,0.199576,1830.22,ang,0.8886,0.0
test_0228,130.65,27,12.4,"One effect paradoxically is that it produces paralysis rather than liberation. With so many options to choose from, people find it very difficult to choose at all.",163.78,0.5743,0.069206,0.201761,0.195103,1978.15,ang,0.697,0.037
test_0229,143.38,26,10.88,"I'll give you one very dramatic example of this, a study that was done of investments in voluntary retirement plans. Colleg of mine got access to...",162.4,0.482,0.098926,0.135131,0.176069,1711.5,ang,0.4712,0.0
test_0230,162.69,25,9.22,"Investment records from Vanguard, the gigantic mutual fund company of about a million employees and about 2,000 different workplaces. And what she found is that...",155.81,0.3245,0.109888,0.106985,0.177208,1647.32,ang,0.6943,0.0
test_0231,121.62,15,7.4,"For every 10 mutual funds the employer offered, rate of participation went down to percent.",164.16,0.4601,0.079787,0.14592,0.213993,1844.29,ang,0.8705,0.0
test_0232,156.25,55,21.12,"You offer 50 funds, 10% fewer employees participate than if you only offer five. Why? Because with 50 funds to choose from, it's so damn hard to decide which front to choose that you'll just put it off to tomorrow. And then tomorrow and tomorrow and tomorrow and tomorrow and of course tomorrow never comes.",142.22,0.4548,0.084685,0.144924,0.185919,1776.61,ang,0.7231,0.0182
test_0233,216.87,48,13.28,understand that not only does this mean that people are going to have to eat dog food when they retire because they don't have enough money put away. It also means that making the decision is so hard that they pass up significant matching money from the employer.,174.92,0.4805,0.101543,0.192695,0.160591,1651.2,ang,0.882,0.0208
test_0234,180.0,42,14.0,"By not participating, they are passing up as much as $5,000 a year from the employer who would happily match their contribution. So paralysis is a consequence of having too many choices. And I think it makes the world look like this.",164.65,0.437,0.077371,0.165009,0.194565,1903.25,ang,0.8757,0.0476
test_0235,248.57,29,7.0,"You really want to get the decision right if it's for all eternity, right? You don't want to pick the wrong mutual fund or even the wrong salad drift.",149.7,0.3811,0.125741,0.103739,0.132921,1423.51,hap,0.6521,0.069
test_0236,196.31,39,11.92,"valuable worthwhile, essential to being human, and because if people have freedom, then each of us can act on our own to do the things that will maximize our welfare and no one has to decide on our behalf.",160.38,0.5902,0.102496,0.18353,0.173078,1446.21,ang,0.8263,0.0
test_0237,190.91,21,6.6,So that's one effect. The second effect is that even if we manage to overcome the paralysis and make it short.,183.17,0.3659,0.09165,0.141011,0.199404,1930.74,ang,0.6247,0.0476
test_0238,200.0,28,8.4,We end up less satisfied with the result of the choice than we would be if we had fewer options to choose from. And there are several reasons.,168.77,0.4514,0.105352,0.135078,0.172448,1855.67,ang,0.6725,0.0
test_0239,242.81,45,11.12,"One of them is that with a lot of different salad dressings to choose from, if you buy one, and it's not perfect, and what salad dressing is, it's easy to imagine that you could have made a different choice that would have been better.",182.44,0.4255,0.087115,0.147055,0.166009,1764.53,ang,0.4807,0.0
test_0240,196.81,37,11.28,"And what happens is this imagined alternative induces you to regret the decision you made, and this regret subtracts from the satisfaction you get out of the decision you made, even if it was a good decision.",161.01,0.405,0.070808,0.159675,0.177659,1876.11,hap,0.5428,0.0
test_0241,230.0,23,6.0,"The more options there are, the easier it is to regret anything at all that is disappointing about the option that you chose.",153.99,0.4055,0.120944,0.080131,0.159278,1595.88,ang,0.5916,0.0
test_0242,168.37,33,11.76,"Second, what economists call opportunity costs, Dan Gilbert made a big point this morning of talking about how much the way in which we value things depends on what we compare them to.",179.32,0.5509,0.07351,0.153609,0.190098,1659.86,ang,0.964,0.0
test_0243,142.86,22,9.24,"Well, when there are lots of alternatives to consider, it is easy to imagine the attractive features of alternatives that you reject.",184.56,0.5187,0.084256,0.178632,0.199045,1841.75,ang,0.6536,0.0
test_0244,195.65,15,4.6,that make it you less satisfied with the alternative that you've chosen. Here's an example.,175.62,0.6344,0.113344,0.178722,0.213625,1609.31,ang,0.7999,0.0
test_0245,263.16,10,2.28,"For those of you who aren't New Yorkers, I apologize.",143.66,0.4307,0.102029,0.16671,0.153562,1439.02,neu,0.8577,0.0
test_0246,149.01,30,12.08,"The way to maximize freedom is to maximize choice. The more choice people have, the more freedom they have, and the more freedom they have, the more welfare they have.",150.21,0.5657,0.069803,0.179891,0.174846,1660.41,ang,0.7644,0.0
test_0247,200.98,41,12.24,"But here's what you're supposed to be thinking. Here's a couple on the Hampton's very expensive real estate gorgeous, beach beautiful day. They have it all to themselves. What could be better? Well, damn it, this guy is thinking it's August.",175.98,0.2671,0.122366,0.091547,0.16267,1764.34,ang,0.9274,0.0
test_0248,162.42,17,6.28,Everybody in my Manhattan neighborhood is away. I could be parking right in front of my build.,165.32,0.4216,0.105026,0.172021,0.179865,1370.02,ang,0.9813,0.0588
test_0249,172.5,23,8.0,and he spends two weeks nangged by the idea that he is missing the opportunity day after day to have a great parking.,178.62,0.476,0.098041,0.173453,0.166034,1897.62,ang,0.9808,0.0
test_0250,183.81,28,9.14,Opportunity costs subtract from the satisfaction we get out of what we choose even when what we choose is terrific and the more options there are to consider,180.29,0.3535,0.100365,0.124861,0.187395,1926.78,ang,0.921,0.0
test_0251,185.19,20,6.48,The more attractive features of these options are going to be reflected by us as opportunity costs. Here's another example.,161.54,0.691,0.070919,0.237396,0.177376,1644.81,neu,0.4686,0.0
test_0252,198.21,37,11.2,Now this cartoon makes a lot of points. It makes points about living in the moment as well. And probably about doing things slowly. But one point it makes is that whenever you're choosing one thing you're...,177.64,0.3632,0.08803,0.099801,0.18279,1689.98,ang,0.715,0.0
test_0253,231.43,27,7.0,choosing not to do other things and those other things may have lots of attractive features and it's going to make what you're doing less attractive. Third.,155.04,0.3715,0.098819,0.135215,0.16661,1796.77,ang,0.4827,0.0
test_0254,206.67,31,9.0,escalation of expectations. This hit me when I went to replace my genes. I wear genes almost all the time and there was a time when genes came in one flavor.,161.88,0.2525,0.112231,0.091037,0.189022,1830.77,hap,0.7548,0.0
test_0255,260.0,52,12.0,"and you bought them and they fit like crap and they were incredibly uncomfortable and if you wore them long enough and wash them enough times, they started to fit feel okay. So I went to replace my jeans after years and years of wearing these old ones and I said I-",166.9,0.5404,0.090196,0.189487,0.183448,1523.79,hap,0.4783,0.0385
test_0256,130.43,28,12.88,"This, I think, is so deeply embedded in the water supply that it wouldn't occur to anyone to question it. And it's also deeply embedded in our lives.",159.43,0.5958,0.101745,0.229644,0.169633,1746.05,ang,0.7558,0.0357
test_0257,228.92,76,19.92,"You know, go on a pair of jeans, here's my size. And the shopkeeper said, do you want slim fit, easy fit, relaxed fit? You want button fly or zipper fly? You want stone washed or acid washed? You want them distressed? You want boot cut? You want tapered blah blah, on it? And he went, my jaw dropped? And after I recovered, I said, I want the kind that used to be the only kind.",164.19,0.4752,0.091867,0.144712,0.191703,1645.91,ang,0.804,0.0132
test_0258,201.92,42,12.48,So I spent an hour trying on all these damn jeans and I walked out of the store truth with the best fitting jeans I had ever had I did better all this choice made it possible for me to do better,189.34,0.4085,0.102036,0.158955,0.180758,1715.72,ang,0.9351,0.0238
test_0259,143.54,20,8.36,"But I felt worse. Why? And we're a whole book to try to explain this to myself. The reason is,",180.55,0.5102,0.080734,0.24155,0.191804,2009.29,ang,0.9948,0.0
test_0260,156.0,26,10.0,"The reason I felt worse is that with all of these options available, my expectations about how good a pair of jeans should be went up.",186.83,0.4927,0.108028,0.202678,0.203237,1796.32,ang,0.9183,0.0
test_0261,215.57,48,13.36,"I had very low expectations when they only came in one flavor, when they came in 100 flavors, damn it, one of them should have been perfect. And when I got was good, but it wasn't perfect. And so I compared what I got to what I expected.",178.69,0.4763,0.077839,0.142699,0.181863,1644.4,ang,0.7354,0.0208
test_0262,189.59,17,5.38,and what I got was disappointing in comparison to what I expected. Adding options to people's lives.,170.14,0.5101,0.092716,0.155533,0.174319,1800.83,ang,0.8636,0.0
test_0263,169.81,39,13.78,can't help but increase the expectations people have about how good those options will be and what that's going to produce is less satisfaction with results even when they're good results. Nobody in the world of marketing knows this.,172.31,0.4357,0.085752,0.158591,0.197836,1889.16,ang,0.7395,0.0
test_0264,169.12,23,8.16,I'll give you some examples of what modern progress has made possible for us. This is my supermarket. Not such a big one.,170.77,0.6631,0.088159,0.276859,0.201298,1697.58,ang,0.4713,0.0
test_0265,212.12,14,3.96,You wouldn't all know what this was about. The truth is more like this.,190.76,0.4941,0.13485,0.199261,0.176275,1964.45,ang,0.7407,0.0714
test_0266,184.16,31,10.1,"The reason that everything was better back when everything was worse is that when everything was worse, it was actually possible for people to have experiences that were a pleasant surprise.",184.22,0.4483,0.09411,0.159879,0.183985,1778.64,ang,0.8611,0.0323
test_0267,175.78,30,10.24,"Nowadays, the world we live in, we affluent industrialized citizens, with perfection, the expectation, the best you can ever hope for, is that stuff is as good as you expect.",169.3,0.5362,0.08296,0.161112,0.195412,1818.52,hap,0.5837,0.0
test_0268,155.49,34,13.12,"You will never be pleasantly surprised because your expectations, my expectations, have gone through the roof. The secret to happiness. This is what you all came for. The secret to happiness is low expectation.",151.88,0.5721,0.052038,0.17195,0.198726,1988.55,hap,0.664,0.0
test_0269,150.0,38,15.2,I want to say just a little autobiographical moment that I actually married to a wife and she's really quite wonderful. I couldn't have done better. I didn't settle. But settling isn't always such a bad thing. Finally.,161.49,0.498,0.096351,0.158165,0.180906,1608.09,hap,0.6269,0.0263
test_0270,196.88,42,12.8,"One consequence of buying a bad fitting pair of jeans when there is only one kind to buy is that when you are dissatisfied and you ask why, who's responsible? The answer is clear, the world is responsible. What could you do?",171.21,0.3655,0.115403,0.144532,0.170009,1735.99,ang,0.9122,0.0
test_0271,173.84,35,12.08,"when there are hundreds of different styles of genes available, and you buy one that is disappointing, and you ask, why, who's responsible? It is equally clear that the answer to the question is you.",172.76,0.4552,0.090764,0.163768,0.178928,1813.14,ang,0.8834,0.0
test_0272,161.68,36,13.36,"the Industrial Revolution, and even in the 1900s, we've seen a very rapid decline in the price of electricity. That's why we have refrigerators, air conditioning. We can make modern materials and do so many things.",180.46,0.3974,0.094005,0.12553,0.206906,1635.55,neu,0.3967,0.0278
test_0273,157.14,22,8.4,"that's a key element of making that report card. So backing up from there, let's do the 2020 report card look life.",212.94,0.5448,0.085324,0.17411,0.248708,1661.86,ang,0.9733,0.0455
test_0274,197.48,47,14.28,"Well, it, again, it should have the two elements. We should go through these efficiency measures to start getting reductions. The less we emit, the less that sum will be of CO2 and therefore the less the temperature. But in some ways, the grade we get there.",208.5,0.4213,0.109461,0.165942,0.233704,1884.89,ang,0.7548,0.0
test_0275,181.64,31,10.24,"Doing things that don't get us all the way to the big reductions is only equally or maybe even slightly less important than the other, which is the peace of innovation.",205.41,0.3186,0.119443,0.10356,0.220481,1746.18,ang,0.8715,0.0
test_0276,185.95,30,9.68,"on these breakthroughs. These breakthroughs, we need to move those at full speed. And we can measure that in terms of companies, pilot projects, regulatory things that have been changed.",184.29,0.438,0.079294,0.126158,0.234449,1816.05,neu,0.9069,0.0
test_0277,212.16,57,16.12,"There's a lot of great books that I've been written about this, the Al Gore book, our choice, and the David McCuy book, the Stain of Lennard Group without the hot air. They really go through it and I think can create a framework that this can be discussed broadly because we need broad backing for this.",199.92,0.4789,0.106859,0.13946,0.226178,1707.78,ang,0.8908,0.0
test_0278,190.0,19,6.0,There's a lot that has to come together. So this is a wish. It's a very concrete wish that,200.41,0.4773,0.088317,0.148083,0.238872,1758.68,ang,0.9921,0.0526
test_0279,182.24,26,8.56,"we invent this technology. If you gave me only one wish for the next 50 years, I can pick whose president, I can pick a vaccine.",198.06,0.476,0.089157,0.195769,0.233246,1840.61,ang,0.9118,0.0
test_0280,201.92,21,6.24,"which is something I love, or I could pick that this thing that's half the cost with no CO2 gets invented.",196.49,0.4217,0.095897,0.113824,0.253783,1774.88,ang,0.9562,0.0
test_0281,212.6,36,10.16,"This is the wish I would pick. This is the one with the greatest impact. If we don't get this wish, the division between the people who think short term and long term will be terrible.",216.93,0.4533,0.111226,0.147931,0.224354,1723.92,ang,0.9216,0.0
test_0282,180.0,39,13.0,"between US and China, between poor countries and rich, and most of all, the lives of those two billion will be far worse. So what do we have to do? What am I appealing to you to step forward?",201.21,0.4268,0.086005,0.125771,0.219793,1745.51,ang,0.795,0.0256
test_0283,130.0,13,6.0,And so we're in a wonderful situation with electricity in the rich world.,207.49,0.4153,0.098077,0.128254,0.230352,1708.57,hap,0.7191,0.0769
test_0284,180.0,21,7.0,"and drive. We need to go from more research funding. You know, when countries get together at places like Copenhagen Nation,",202.4,0.3727,0.088447,0.13158,0.247381,1712.07,ang,0.9729,0.0952
test_0285,153.66,21,8.2,"just discussed the CO2, they should discuss this innovation agenda, and you'd be stunned at the ridiculously low levels of spending.",195.86,0.4529,0.091566,0.169871,0.250975,2031.93,ang,0.9642,0.0
test_0286,154.21,22,8.56,"on these innovative approaches. We do need the market incentives. CO2 tax, Kevin trades something that gets that price signal out there.",198.13,0.4797,0.093441,0.168394,0.239243,1918.95,ang,0.6717,0.0
test_0287,187.5,42,13.44,"We need to get the message out. We need to have this dialogue be more rational, more understandable dialogue, including the steps that the government takes. This is an important wish, but it is one I think we can achieve. Thank you.",196.97,0.4293,0.08365,0.173519,0.210239,1780.4,ang,0.9384,0.0
test_0288,120.0,10,5.0,"Thank you. I'm just to understand more about Terrapala, right?",204.5,0.8547,0.063726,0.371687,0.249706,1459.45,neu,0.7911,0.1
test_0289,255.0,17,4.0,"First of all, can you give a sense of what sort of scale of investment this is?",206.01,0.6317,0.09265,0.234992,0.246994,1642.18,neu,0.7125,0.0
test_0290,161.87,30,11.12,"Well, to actually do this software by the supercomputer, hire all the great scientists, which we've done, that's only tens of millions. And even once we test our materials out,",191.54,0.3773,0.098228,0.159832,0.209989,1808.96,ang,0.5843,0.0333
test_0291,193.1,28,8.7,"in a Russian reactor to make sure that our materials work properly, then you'll only be up in hundreds of millions. The toffing is building the pilot reactor.",176.47,0.4267,0.094968,0.14524,0.227115,1502.05,ang,0.4398,0.0
test_0292,166.67,25,9.0,"finding the several billion, finding the regulator, the location that will actually build the first one of these. Once you get the first one, build.",168.86,0.4064,0.108325,0.088555,0.196825,1528.56,neu,0.5553,0.04
test_0293,191.18,26,8.16,"if it works as advertised, then it's just clear as day because the economics, the energy density are so different than nuclear as we know it.",187.99,0.5547,0.09934,0.228828,0.242413,1733.67,neu,0.6177,0.0385
test_0294,202.19,43,12.76,"And so to understand it right, this involves building deep into the ground, almost like like a vertical kind of column of nuclear fuel of this sort of spent uranium. And then the process starts at the top and kind of works down.",167.4,0.6229,0.088954,0.226837,0.212005,1568.89,hap,0.459,0.093
test_0295,231.28,35,9.08,"That's right, today you're always refueling the reactor. So you have lots of people and lots of controls that can go wrong. That thing where you're opening it up and moving things in and out.",187.41,0.333,0.086122,0.111914,0.194495,1544.4,ang,0.4793,0.0571
test_0296,187.5,24,7.68,"That's not good. So if you have very cheap fuel, then you can put 60 years in, just think of it as a log.",204.39,0.4091,0.102448,0.167565,0.204259,1753.05,ang,0.9922,0.0417
test_0297,173.91,24,8.28,put it down and not have those same complexities. And it just sits there and burns for the 60 years and then it's done.,175.05,0.3732,0.09203,0.137984,0.218717,1821.07,ang,0.579,0.0
test_0298,180.0,12,4.0,It's a nuclear power plant that is its own waste disposal solution.,151.15,0.6977,0.103809,0.233252,0.233794,1657.74,neu,0.612,0.0
test_0299,194.24,36,11.12,"Yeah, well, what happens with the waste? You can let it sit there. There's a lot less waste under the approach. Then you can actually take that and put it into another one and burn that.",203.74,0.4783,0.09301,0.170858,0.194776,1581.02,ang,0.83,0.0278
test_0300,165.96,26,9.4,And we start out actually by taking the waste that exists today that's sitting in these cooling pools or dry casking by reactors. That's our fuel.,190.26,0.4358,0.084638,0.154003,0.230828,1680.56,ang,0.8773,0.0385
test_0301,169.01,24,8.52,"But as we make a cheaper and let's say let's go for making it twice as cheap, we need to mean a new constraint.",194.69,0.407,0.08375,0.18063,0.215435,1810.91,ang,0.9927,0.0
test_0302,215.16,35,9.76,"begin with, so the thing that's been a problem from those reactors is actually what gets fed into ours and you're reducing the volume of the waste quite dramatically as you're going through this process.",178.28,0.4092,0.111548,0.132755,0.210196,1579.99,ang,0.724,0.0571
test_0303,214.29,25,7.0,"I mean, you're talking to different people around the world about the possibilities here. Where is their most interest in actually doing something with this?",163.04,0.7455,0.102833,0.192355,0.20858,1356.28,neu,0.8883,0.04
test_0304,129.31,20,9.28,"Well, we haven't picked a particular place, but and there's all these interesting disclosure rules about anything that's called nuclear.",197.15,0.5196,0.09131,0.167537,0.195657,1555.24,hap,0.4834,0.0
test_0305,212.86,32,9.02,"So we've got a lot of interest that people from the company have been in Russia and India, China. I've been back seeing the Secretary of Energy here talking about how this...",166.4,0.3485,0.093166,0.10102,0.197113,1533.38,ang,0.5658,0.0312
test_0306,171.59,31,10.84,fits into the energy agenda. So I'm optimistic. You know the branch in Japanese have done some work. This is a variant on something that has been done. It's an important...,177.81,0.3197,0.082503,0.108421,0.214269,1695.23,neu,0.4803,0.0645
test_0307,220.0,33,9.0,advanced but it's like a fast reactor and a lot of countries have built them. So anybody who's not a fast reactor is a candidate to be where the first one gets built.,175.99,0.4614,0.097145,0.147911,0.229095,1554.44,ang,0.8979,0.0606
test_0308,125.7,15,7.16,"So in your mind, time scale and likelihood of actually taking certain like this life.",176.14,0.8115,0.084776,0.256421,0.224165,1528.33,neu,0.5122,0.2
test_0309,153.19,24,9.4,high-scale electrical generation things that's very cheap. We have 20 years to invent and then 20 years to deploy. That's sort of the deadline.,174.0,0.399,0.088763,0.128885,0.216779,1628.87,ang,0.9361,0.0
test_0310,118.9,13,6.56,And that constraint has to do with CO2. CO2 is warming the planet.,182.37,0.3059,0.08809,0.126947,0.2343,1969.2,ang,0.7476,0.0
test_0311,143.18,21,8.8,"that the environmental models have shown us that we have to meet. And, you know, tear power, if things go well.",169.13,0.4064,0.08644,0.165831,0.219783,1507.6,ang,0.5848,0.0476
test_0312,176.92,23,7.8,"which is wishing for a lot could easily meet that. And there are, fortunately now, dozens of companies we need to be hungry.",185.98,0.4354,0.10064,0.118211,0.213162,1588.31,ang,0.6861,0.0
test_0313,192.42,44,13.72,"who likewise, if their science goes well, if the funding for their pilot plans goes well, that they can compete for this. And it's best if multiple succeed, because then you can use a mix of these things. We certainly need one to succeed.",188.79,0.3873,0.082951,0.140009,0.234261,1827.55,ang,0.9206,0.0
test_0314,222.22,20,5.4,"I mean, in terms of big scale, possible game changes, this is the biggest that you're aware of out there.",143.48,0.7038,0.111389,0.252044,0.215281,1447.3,neu,0.8999,0.0
test_0315,165.96,26,9.4,"An energy breakthrough is the most important thing. It would have been even without the environmental constraint, but the environmental constraint just makes it so much.",204.48,0.3278,0.117242,0.094134,0.194229,1774.72,ang,0.9415,0.0385
test_0316,189.56,23,7.28,"much greater. In the nuclear space, there are other random Vaders. We don't know their work as well as we know this one.",188.62,0.4731,0.114628,0.168132,0.188393,1500.23,hap,0.4163,0.0
test_0317,176.02,23,7.84,"The modular people, that's a different approach. There's a liquid type reactor, which seems a little hard, but maybe they say about us.",174.83,0.4407,0.092956,0.1024,0.238061,1512.21,neu,0.3801,0.0
test_0318,185.02,28,9.08,"And so there are different ones, but the beauty of this is a molecule uranium has a million times as much energy as a molecule of, say, coal.",193.0,0.4394,0.119727,0.117057,0.215272,1547.6,ang,0.5126,0.0357
test_0319,133.33,20,9.0,And the equation on CO2 is actually a very straightforward one. If you sum up the CO2 that gets emitted.,199.64,0.4098,0.118384,0.169625,0.220629,1619.45,ang,0.7654,0.05
test_0320,163.72,37,13.56,"And so if you can deal with the negatives, which are essentially the radiation, the footprint and cost, the potential in terms of effect on land and various things is in almost an class of its own.",206.48,0.5356,0.093319,0.225185,0.223594,1806.34,ang,0.9111,0.027
test_0321,189.87,20,6.32,Then what? Do we have to start taking emergency measures to try and keep the temperature of the earth stable?,151.85,0.7951,0.087213,0.297703,0.230763,1512.24,neu,0.9847,0.0
test_0322,187.5,33,10.56,you've been overeating and you're about to have a heart attack. Then where do you go? You may need heart surgery or something. There is a line of research on what's called geoengineering.,165.48,0.3839,0.082001,0.10838,0.19332,1506.36,neu,0.5317,0.0
test_0323,200.0,20,6.0,which are various techniques that would delay the heating to bias 20 or 30 years to get our act together.,184.0,0.5592,0.104802,0.217487,0.181572,1690.69,ang,0.9975,0.0
test_0324,165.79,21,7.6,That leads to a temperature increase. And that temperature increase leads to some very negative effects. The effects on the weather.,193.4,0.4808,0.081155,0.191101,0.22949,1970.3,ang,0.9317,0.0
test_0325,263.74,32,7.28,Now you hope that's just an insurance policy. You hope you don't need to do that. Some people say you shouldn't even work on the insurance policy because it might make you...,198.46,0.4317,0.09975,0.144935,0.220885,1665.43,ang,0.8226,0.0
test_0326,223.65,29,7.78,lazy that you'll keep eating because you know heart surgery will be there to save you. I'm not sure that's why it's given the importance of the problem. But...,182.89,0.4751,0.077371,0.229248,0.223592,1549.91,ang,0.9581,0.0345
test_0327,164.77,29,10.56,There's now that the geoengineering discussion about should that be in the back pocket in key things happen faster or this innovation goes a lot slower than we expect.,194.46,0.4416,0.095832,0.173071,0.226882,1806.36,ang,0.9442,0.0
test_0328,11.9,2,10.08,surgeries auferyn.,158.78,0.7385,0.054279,0.240022,0.239364,1690.08,ang,0.3099,0.0
test_0329,160.11,19,7.12,"Well, unfortunately, the skeptics come in different camps. I mean, the ones who make scientific arguments are very few.",207.98,0.4018,0.108879,0.143685,0.210591,1677.91,ang,0.8822,0.0
test_0330,217.67,46,12.68,"You know, are they saying that there's negative feedback effects that have to do with clouds that offset things? They're very, very few things that they can even say, you know, there's a chance and a million of those things. The main problem you have here.",183.97,0.4469,0.102367,0.193106,0.207736,1633.94,ang,0.9364,0.0435
test_0331,208.49,36,10.36,"It's kind of like AIDS that you make them a state now and you pay for it a lot later. And so when you have those sorts of urgent problems, the idea of taking pain now.",199.86,0.3762,0.110046,0.151234,0.204116,1644.18,ang,0.9883,0.0556
test_0332,198.8,22,6.64,"that has to do with the gain later, and is someone on certain painting. In fact, the IPCC report, you know that.",199.18,0.3765,0.086084,0.123848,0.220343,1671.26,ang,0.9754,0.0455
test_0333,146.67,22,9.0,Perhaps worse the indirect effects in that the natural ecosystems can't adjust to these rapid changes and so you get ecosystem collapses,188.02,0.527,0.090234,0.182349,0.254325,1807.06,neu,0.687,0.0455
test_0334,181.32,33,10.92,"That's not necessarily the worst case. And there are people in the ritual to look at IPCC and say, OK, that isn't that big of deal. The fact is it's that uncertain part.",203.16,0.4307,0.091606,0.189787,0.235738,1741.96,ang,0.7473,0.0
test_0335,200.0,28,8.4,"that should move us towards this. But my dream here is that if you can make it economic and meet the CO2 constraint, then the skeptics say, OK.",212.64,0.4177,0.118667,0.150405,0.204745,1794.62,ang,0.966,0.0
test_0336,334.62,29,5.2,I don't care that it doesn't put out here. Do I kind of wish it did put out here too? But I guess I'll accept it because it's cheaper.,220.23,0.5008,0.100454,0.176636,0.241934,1643.35,ang,0.9684,0.0
test_0337,250.0,75,18.0,"And so that would be your response to the, the Bjorn Lomborg argument that basically if you, if you spend all this energy trying to solve the CO2 problem, it's going to take away all your other goals of trying to rid the world of poverty and malaria and stuff like that. It's a, it's a stupid waste of the Earth's resources to put money towards that when there are better things we can do.",168.35,0.7569,0.08651,0.279217,0.210478,1524.02,neu,0.4744,0.04
test_0338,207.69,45,13.0,"Yeah, well, the actual spending on the R&D piece, you know, say the U.S. should spend 10 billion to your more than it is right now. It's not that dramatic. It shouldn't take away from other things. The thing you get into big money on.",189.86,0.4246,0.084586,0.149443,0.20529,1645.37,ang,0.9194,0.0444
test_0339,222.53,54,14.56,and this reasonable people can disagree is when you have something that's not economic and you're trying to fund that. That to me mostly is waste and less you're very close and you're just funding the learning curve and it's going to get very cheap. I believe we should try it in a more.,204.07,0.3454,0.071638,0.134956,0.213755,1664.97,ang,0.8231,0.0
test_0340,180.0,15,5.0,Now the exact amount of how you map from a certain increase in of CO2.,201.49,0.4059,0.095964,0.100082,0.193254,1714.64,ang,0.6208,0.0
test_0341,200.0,22,6.6,things that have a potential to be far less expensive. If the tradeoff you get into is let's make energy super super.,213.16,0.3911,0.07561,0.116155,0.212759,1857.53,ang,0.9426,0.0
test_0342,201.03,26,7.76,"Expensive, then the rich can afford that. I mean all of us here could pay five times as much for energy and not change our lifestyle.",209.36,0.4755,0.097357,0.192891,0.215524,1645.94,ang,0.8424,0.0
test_0343,156.25,20,7.68,"The disaster is for that to billion. And even at Womborc house changed, his stigma is why isn't the R&D.",187.59,0.3826,0.108729,0.122721,0.207777,1771.66,ang,0.9539,0.0
test_0344,176.86,27,9.16,"getting more discussed. He's still because it is earlier stuff sort of associated with the skeptic camp, but he's realized that's a pretty lonely camp. And so...",201.38,0.5727,0.095103,0.238704,0.229884,1770.42,ang,0.903,0.037
test_0345,168.75,27,9.6,"He's making the R&D point and so there is a threat of something that I think is appropriate. The R&D piece, it's crazy how little it's funded.",174.23,0.467,0.085058,0.13953,0.222121,1518.66,neu,0.5915,0.037
test_0346,240.0,24,6.0,"Well, I suspect I speak on behalf of most people here to say, I really hope your wish comes true. Thank you so much.",172.38,0.8348,0.081333,0.279024,0.215708,1433.46,neu,0.5903,0.0417
test_0347,191.49,36,11.28,"to what temperature will be and where the positive feedbacks are. There's some uncertainty there, but not very much. And there's certainly uncertainty about how bad those effects will be, but they will be extremely bad.",192.66,0.4754,0.101106,0.182708,0.221315,1540.25,ang,0.8279,0.0
test_0348,150.0,9,3.6,I'm going to talk today about energy and climate.,173.2,0.3384,0.093325,0.085421,0.21699,1675.98,ang,0.8136,0.0
test_0349,210.43,39,11.12,"I asked the top scientists in the several times, do we really have to get down to near zero? Can't we just cut it in half or a quarter? The answer is that until we get near to zero.",196.97,0.4406,0.079176,0.130875,0.195691,1750.32,ang,0.9442,0.0
test_0350,194.81,50,15.4,"the temperature will continue to rise. And so that's a big challenge. It's very different than saying, you know, we're a 12 foot high truck trying to get under a 10 foot bridge. And we can just sort of squeeze under. This is something that has to get to zero.",189.66,0.4482,0.107749,0.168542,0.229504,1751.47,ang,0.9433,0.04
test_0351,145.95,18,7.4,Now we put out a lot of carbon dioxide every year over 26 billion tons for each American.,203.66,0.5003,0.109281,0.193254,0.189905,1642.78,ang,0.9551,0.0
test_0352,173.08,39,13.52,It's about 20 tons for people in poor countries that's less than one ton. It's an average about five tons for everyone on the planet. And somehow we have to make changes that will bring that down to zero.,190.07,0.4513,0.101206,0.145694,0.218128,1768.8,ang,0.9136,0.0
test_0353,168.07,40,14.28,It's been constantly going up. It's only very a economic change instead of even flattened it at all. So we have to go from rapidly rising to falling and falling all the way to zero. This equation has four factors.,191.82,0.4528,0.09189,0.139767,0.217793,1633.89,ang,0.4358,0.025
test_0354,240.0,32,8.0,a little bit of multiplication. So you've got a thing on the left CO2 that you want to get to zero. And that's going to be based on the number of people.,190.05,0.435,0.097698,0.166328,0.209139,1639.13,ang,0.6246,0.0312
test_0355,150.0,20,8.0,"The services each person choosing on average, the energy on average for each service, and the CO2 being put out.",189.27,0.2485,0.086963,0.09975,0.205411,2120.26,ang,0.8295,0.0
test_0356,215.09,38,10.6,a per unit of energy. So let's look at each one of these and see how we can get this down to zero. Probably one of these numbers is going to have to get pretty near to zero.,207.42,0.5335,0.098753,0.16038,0.205912,1851.09,ang,0.9414,0.0263
test_0357,149.07,16,6.44,"Now that's back from high school algebra, but let's take a look. First we've got population.",218.45,0.5248,0.086093,0.256356,0.259804,1761.46,hap,0.7112,0.0
test_0358,169.97,40,14.12,"And that might seem a bit surprising because my full time work at the foundation is mostly about vaccines and seeds, about the things that we need to invent and deliver to help the poorest two billion live better life.",190.61,0.3581,0.082889,0.129668,0.213691,1747.05,ang,0.9552,0.0
test_0359,168.0,28,10.0,"Now the world today has 6.8 billion people. That's headed up to about 9 billion. Now if we do a really great job on new vaccines, health care.",193.39,0.3854,0.111111,0.122841,0.210681,1594.75,ang,0.8517,0.0
test_0360,155.94,21,8.08,"reproductive health services, we could lower that by perhaps 10 or 15%. But there we see an increase of about 1.3.",194.87,0.4818,0.111213,0.163431,0.242783,1710.48,ang,0.8691,0.0
test_0361,153.06,15,5.88,"The second factor is the services we use. This encompasses everything, the food we eat.",200.67,0.3967,0.076057,0.128499,0.229247,2045.12,neu,0.6152,0.0
test_0362,130.23,27,12.44,"clothing, TV, heating. These are very good things. Getting rid of poverty means providing these services to almost everyone on the planet. And it's a great thing.",188.21,0.3205,0.090317,0.123854,0.200987,1850.74,ang,0.9747,0.0
test_0363,205.26,26,7.6,"for this number to go up. In the rich world, perhaps the top one billion, we probably could cut back and use less. But every year...",206.66,0.4626,0.120076,0.197498,0.231267,1580.56,ang,0.9853,0.0
test_0364,159.42,22,8.28,"this number on average is going to go up. And so overall, that will more than double. The services delivered per person.",186.76,0.3487,0.104355,0.148521,0.189413,1631.81,ang,0.8067,0.0455
test_0365,222.43,39,10.52,"Here we have a very basic service. Do you have lighting in your house to be able to read your homework? And in fact, these kids don't. So they're going out and reading their schoolwork under the street lab.",199.58,0.4063,0.087809,0.175581,0.207625,1778.45,ang,0.7228,0.0256
test_0366,162.92,29,10.68,"Now, efficiency, E, the energy-freege service, here finally we have some good news. We have something that's not going up through various inventions and new ways of doing lighting.",210.45,0.3793,0.098191,0.127957,0.213715,1852.25,ang,0.8791,0.0
test_0367,145.83,28,11.52,"through different types of cars, different ways of building buildings. There are a lot of services where you can bring the energy for that service down quite substantially.",192.34,0.3995,0.111005,0.140591,0.208035,1808.86,ang,0.7164,0.0
test_0368,143.18,21,8.8,"But energy and climate are extremely important to these people. In fact, more important than to anyone else on the planet.",195.5,0.3899,0.084315,0.117355,0.213962,1583.53,ang,0.8972,0.0
test_0369,177.7,34,11.48,"Some individual services even bring it down by 90%. There are other services like how we make for a laser, how we do our transport, where the rooms for improvement are far, far left.",198.99,0.4652,0.101138,0.163743,0.203642,1738.66,ang,0.5343,0.0294
test_0370,160.0,24,9.0,"And so overall here, if we're optimistic, we may get a reduction of a factor of three to even perhaps a factor of set.",215.3,0.4582,0.094776,0.154736,0.21395,1735.23,ang,0.8822,0.0417
test_0371,182.81,39,12.8,"But for these first three factors now, we've gone from 26 billion to it best, maybe 13 billion tons. And that just won't cut it. So let's look at this fourth factor. This is gonna be a key one.",204.45,0.4081,0.091554,0.145907,0.240385,1895.5,ang,0.9452,0.0256
test_0372,155.17,30,11.6,"And this is the amount of CO2 put out for each unit of energy. And so the question is, can you actually get that to zero? If you burn coal,",198.29,0.3757,0.083066,0.155018,0.22486,1779.58,ang,0.7487,0.0667
test_0373,164.27,38,13.88,"No, if you burn that to a gas now, almost every way, we make electricity today, except for the emerging renewables and nuclear puts out CO2. And so we're going to have to do it a global scale.",195.87,0.4667,0.087973,0.159226,0.226946,1545.82,hap,0.4359,0.0263
test_0374,171.43,24,8.4,"is create a new system. And so we need energy miracles. Now when I use the term miracle, I don't mean something that's impossible.",209.87,0.4309,0.081261,0.107592,0.19278,1994.07,ang,0.9228,0.0417
test_0375,154.87,35,13.56,"the micro-processors of miracle, the personal computers of miracle, the internet, and its services are a miracle. So the people here have participated in the creation of many miracles. Usually we don't have a deadline.",214.72,0.4966,0.082804,0.200061,0.208766,1753.49,ang,0.8521,0.0286
test_0376,193.68,47,14.56,"where you have to get the miracle by a certain date. Usually you just kind of stand by and some come along, some don't. This is a case where we actually have to drive it full speed and get a miracle in a pretty tight time life.",192.81,0.3153,0.085487,0.132889,0.232337,1718.63,ang,0.9427,0.0213
test_0377,158.59,24,9.08,"Now I thought, how could I really capture this? Is there some kind of natural illustration, some demonstration that would grab people's imagination here?",182.19,0.2904,0.083009,0.09935,0.219391,1790.98,ang,0.8141,0.0
test_0378,147.78,20,8.12,"The climate getting worse means that many years their crops won't grow. There'll be too much rain, not enough rain.",202.9,0.4344,0.110611,0.15626,0.210746,1757.78,ang,0.9731,0.0
test_0379,151.9,16,6.32,I thought back to a year ago when I brought mosquitoes and somehow people enjoyed that.,214.37,0.4264,0.085094,0.176276,0.204647,1622.51,ang,0.9886,0.0
test_0380,157.19,35,13.36,"It really got them involved in the idea of, you know, there are people who live in the skydows. So with energy, I like to come up with, is this. I decided that releasing fireflies.",190.31,0.4201,0.096212,0.151654,0.209557,1705.78,ang,0.6957,0.0857
test_0381,181.32,33,10.92,"would be my contribution to the environment here this year. So here we have something to apply for. I'm told they don't bite, in fact, they might even not even leave that jar.",183.68,0.5107,0.085699,0.156623,0.200454,1499.32,ang,0.5703,0.0303
test_0382,148.9,27,10.88,"Now there's all sorts of gimmicky solutions like that one, but they don't really add up to much. We need solutions, either one or several that have...",199.69,0.4407,0.085363,0.156253,0.205222,1818.19,ang,0.9158,0.037
test_0383,109.62,19,10.4,"unbelievable scale and unbelievable reliability. And although there's many directions or people seeking, I really only see five that...",207.95,0.4206,0.102154,0.146128,0.178514,1744.34,ang,0.8817,0.0
test_0384,172.13,35,12.2,"can achieve the big numbers. I've left out tied, geothermal, fusion, biofuels. Those may make some contribution, and if they can do better than I expect, so much the better. But my key point here.",187.26,0.3798,0.105177,0.141599,0.227115,1788.22,ang,0.8585,0.0286
test_0385,201.39,29,8.64,is that we're going to have to work on each of these five. And we can't give up any of them because they looked on team because they all.,201.72,0.3919,0.104286,0.117952,0.197363,1601.37,ang,0.9554,0.0
test_0386,155.84,24,9.24,"have significant challenges. Let's look first at the burning possible fuels, either burning coal or burning natural gas. What you need to do there.",187.86,0.4712,0.101766,0.184829,0.214257,1782.9,ang,0.5467,0.0
test_0387,193.22,38,11.8,"It seems like it might be simple, but it's not. And that's to take all the CO2 after you burn it, going out the flu, pressurize it, create a liquid, put it somewhere, and hope it stays there.",207.84,0.5409,0.09794,0.167841,0.240207,1702.9,ang,0.6328,0.0263
test_0388,181.68,39,12.88,"Now we have some pilot things that do this at the 60 to 80 percent level, but getting up to that full percentage, that will be very tricky. And a green arm wear these CO2s quantity should be put.",205.33,0.4265,0.08201,0.117789,0.215667,1887.38,ang,0.9152,0.0
test_0389,200.64,21,6.28,"will be hard, but the toughest one here is this long-term issue. Who's going to be sure who's going to guarantee?",207.44,0.4141,0.108375,0.139614,0.219619,1747.85,ang,0.9629,0.0
test_0390,176.84,28,9.5,something that is literally billions of times larger than any type of waste you think of in terms of nuclear other things. This is a lot of oil.,174.12,0.2809,0.09414,0.101262,0.210809,1601.4,ang,0.6943,0.0357
test_0391,134.77,23,10.24,"So that's a top one. Next it'd be nuclear. It also has three big problems. Costs, particularly in highly regulated countries, is high.",193.44,0.3766,0.079816,0.141528,0.218893,1939.88,ang,0.7279,0.0435
test_0392,171.43,24,8.4,"The issue of the safety really feeling good about nothing can go wrong, that even though you have these human operators, that the fuel.",172.53,0.2572,0.102981,0.093627,0.211157,1695.31,ang,0.7789,0.0
test_0393,197.05,49,14.92,"doesn't get used for weapons, and then what do you do with the waste? Although it's not very large, there are a lot of concerns about that. People need to feel good about it. So three very tough problems that might be solvable and so should be worked on.",192.02,0.4165,0.102788,0.159689,0.223235,1706.73,ang,0.9305,0.0408
test_0394,176.02,23,7.84,The last three of the five I've grouped together. These are what people often refer to as the renewable sources. And they actually...,217.27,0.4176,0.112309,0.150844,0.207771,1840.0,ang,0.7265,0.0435
test_0395,137.14,16,7.0,"although it's great they don't quite fuel, they have some disadvantages. One is that the density",216.87,0.4334,0.113877,0.171277,0.212607,1966.88,ang,0.7898,0.0
test_0396,145.71,34,14.0,"Things will change in ways that their fragile environment simply can't support. And that leads to starvation, that leads to uncertainty, it leads to unrest. So the climate changes will be terrible for them.",184.66,0.4201,0.072789,0.182024,0.22299,1871.12,neu,0.3783,0.0294
test_0397,160.0,16,6.0,Energy gather in these technologies is dramatically less than a power plant. This is energy farming.,199.0,0.4439,0.099959,0.150842,0.21286,1748.42,ang,0.5026,0.0
test_0398,161.87,30,11.12,"So you're talking about many square miles, thousands of times more area than you think of this a normal energy plant. Also these are intermittent sources. The sun doesn't shine.",195.5,0.4112,0.104529,0.163049,0.200312,1846.29,ang,0.7392,0.0333
test_0400,176.47,24,8.16,You have to have some way of getting energy during those time periods that it's not available. So we've got big cost challenges here.,193.46,0.3844,0.1009,0.155269,0.214222,1852.22,ang,0.9473,0.0417
test_0401,162.86,38,14.0,"We have transmission challenges, for example, save this energy sources outside your country. You not only need the technology, but you have to deal with the risk of the energy coming from elsewhere. And finally, this storage problem.",191.52,0.4333,0.098459,0.14091,0.220553,1783.21,ang,0.587,0.0
test_0402,171.59,31,10.84,"And to dimensionize this, I went through and looked at all the types of batteries that get made for cars, for computers, for phones, for flashlights for everything, and compared that.",205.23,0.4222,0.106268,0.159226,0.214731,1746.76,ang,0.5157,0.0
test_0403,184.09,27,8.8,to the amount of electrical energy the world uses. And what I found is that all the batteries we make now could store less than 10 minutes.,208.59,0.4648,0.110897,0.170798,0.187766,1725.94,ang,0.8626,0.0
test_0404,162.86,19,7.0,"of all the energy. And so in fact, we need a big breakthrough here, something that's going to be.",205.25,0.4026,0.088982,0.134477,0.207521,1739.01,ang,0.9623,0.0526
test_0405,169.97,40,14.12,"a factor of 100 better than the approaches we have now. It's not impossible, but it's not a very easy thing. Now this shows up when you try to get the intermittent source to be above say 20 to 30%.",206.93,0.3911,0.083709,0.125129,0.234297,1708.19,ang,0.9832,0.0
test_0406,144.0,18,7.5,of what you're using. If you're counting on it for 100% you need a an incredible miracle battery.,181.69,0.3555,0.099846,0.107875,0.210505,1519.99,ang,0.9313,0.0
test_0407,189.43,43,13.62,"Also, the price of energy is very important to them. In fact, if you could pick just one thing to lower the price of to reduce poverty by far you would pick energy. Now the price of energy has come down over time.",203.93,0.4137,0.07655,0.139375,0.223989,1606.11,ang,0.973,0.0
test_0408,221.43,31,8.4,"Now, how are we going to go forward on this? What's the right approach? Is it a Manhattan project? What's the thing that can get us there? Well, we need lots.",216.04,0.5019,0.082331,0.197466,0.23347,1830.25,ang,0.9458,0.0323
test_0409,181.82,32,10.56,"of companies working on this. Hundreds in each of these five paths, we need at least 100 people. And a lot of them, you'll look at and say, they're crazy. That's good.",216.13,0.5008,0.070277,0.210172,0.236733,1863.15,ang,0.9771,0.0
test_0410,157.41,17,6.48,"And I think here in the Ted group, we have many people who are already pursuing this.",193.96,0.2582,0.093143,0.095926,0.212487,1703.9,ang,0.8461,0.0
test_0411,157.23,50,19.08,"Bill Gross has several companies, including one called E-Solar, that has some great solar thermal technology. The node coast is investing in dozens of companies that are doing great things and have interesting possibilities. And I'm trying to help back that. Anita Merrill, then I actually are backing a company.",184.16,0.4611,0.091149,0.165044,0.230419,1691.64,neu,0.6796,0.02
test_0412,132.81,17,7.68,"that perhaps surprisingly is actually taking the nuclear approach. There are some innovations in nuclear, modular, liquid.",214.69,0.4654,0.095707,0.150912,0.229505,1666.96,neu,0.575,0.0588
test_0413,174.55,32,11.0,and innovation really stopped in this industry quite some time ago. So the idea that there's some good ideas laying around is not all that surprising. The idea of a terror power.,199.21,0.3457,0.104927,0.131145,0.207783,1743.89,ang,0.8945,0.0312
test_0414,146.67,22,9.0,"is that instead of burning the part of uranium, the 1% which is the U235, we decided, well, let's burn the 99%.",187.03,0.3321,0.09879,0.102662,0.212022,1736.47,ang,0.8356,0.0
test_0415,171.43,20,7.0,"the U238. It is kind of a crazy idea. In fact, people had talked about it for a long time.",222.92,0.4366,0.084544,0.214705,0.25276,1740.93,ang,0.9773,0.0
test_0416,200.4,33,9.88,"but they could never simulate, promptly, whether it would work or not. And so it's through the advent of modern supercomputers that now you can simulate and see that yes, with the right.",200.32,0.4035,0.0871,0.158968,0.21378,1711.76,ang,0.8303,0.0606
test_0417,75.24,16,12.76,materials approach. This looks like it would work. And because you're bringing that 99% you have,206.76,0.5089,0.086892,0.186561,0.229928,1790.63,ang,0.6797,0.0625
test_0418,86.67,13,9.0,"really advanced civilization is based on advances in energy. The coal revolution, fuel.",182.12,0.3232,0.089626,0.09885,0.208008,1664.94,neu,0.7337,0.0
test_0419,166.19,39,14.08,"greatly improved cost profile, you actually burn up the waste, and you can actually use this fuel all the leftover waste from today's reactors. And so instead of worrying about them, you just take that, it's a great thing.",203.29,0.3896,0.098997,0.121139,0.226621,1805.02,ang,0.6947,0.0769
test_0420,197.21,33,10.04,"It breeds this uranium as it goes along. So it's kind of like the candle. You can see it's a log there often referred to a traveling wave reactor. In terms of fuel,",188.86,0.403,0.102506,0.116077,0.214697,1812.19,neu,0.5857,0.0606
test_0421,195.24,41,12.6,This really solves the problem. I've got a picture here of a place in Kentucky. This is the left over the 99% where they've taken out the part they've been now. So it's called depleted uranium. That would power the U.S.,189.15,0.3504,0.083677,0.123318,0.229544,1731.39,ang,0.8531,0.0244
test_0422,165.35,28,10.16,"for hundreds of years, and simply by filtering seawater in an inexpensive process, you'd have enough fuel for the entire lifetime of the rest of the planet. So...",196.31,0.3869,0.093107,0.122063,0.222582,1859.66,ang,0.9134,0.0357
test_0423,159.7,28,10.52,"You know, it's got lots, lots of challenges ahead. But it is an example of the many hundreds and hundreds of ideas that we need to move forward.",214.2,0.4781,0.097637,0.170519,0.224832,1734.29,ang,0.9681,0.0357
test_0424,171.43,40,14.0,"So let's think how should we measure ourselves? What should our report card look like? Well, let's go out to where we really need to get and then look at the intermediate. For 2050, you've heard many people talk about.",216.49,0.4587,0.094991,0.179993,0.229457,1629.28,ang,0.9841,0.05
test_0425,155.44,20,7.72,this 80% reduction. That really is very important that we get there. And that 20% will be used up by...,203.91,0.4384,0.092425,0.148053,0.227245,1675.69,ang,0.8327,0.0
test_0426,138.61,28,12.12,"things going on in poor countries, still some agriculture. Hopefully we will have cleaned up four or three cement. So to get to that 80%, the developed countries.",187.97,0.4225,0.085919,0.165933,0.24208,1831.91,ang,0.7821,0.0357
test_0427,137.86,21,9.14,"including countries like China, will have had to switch their electricity generation all together. So the other greatest, are we deploying?",187.34,0.4403,0.084524,0.152271,0.221866,1755.65,ang,0.7982,0.0952
test_0428,153.19,24,9.4,"this zero-emission technology, we've deployed it in all the developed countries and we're in the process of getting it out elsewhere. That's super important.",204.44,0.5551,0.087226,0.186532,0.230412,1772.76,ang,0.6151,0.0
test_0429,225.0,36,9.6,"of a magazine or a newspaper, which is an inherently multi-scale kind of medium. We've also done a little something with the corner of this particular issue of the garden we've made up of fake ad.",181.42,0.8155,0.110117,0.361672,0.138701,1396.32,hap,0.4982,0.0
test_0430,198.68,40,12.08,"that's very high resolution, much higher than you're able to get in an ordinary. And we've embedded extra content. You've got to see the features of this car you can see it here, or other models, or even technical specifications.",167.5,0.8224,0.113034,0.351661,0.164518,1454.33,neu,0.632,0.0
test_0431,190.0,38,12.0,"And this really gets at some of these ideas about really doing away with those limits on screen real estate. We hope that this means no more pop-ups. No, they're kind of rubbish like that should be necessary.",181.29,0.7453,0.12933,0.274198,0.138015,1540.51,neu,0.428,0.0263
test_0432,274.65,39,8.52,"Of course, mapping is one of those really obvious applications for technology like this. And this one I really want to spend any time on except to say that we have things to contribute to this field as well.",189.09,0.8275,0.126043,0.328926,0.14115,1683.12,neu,0.5461,0.0256
test_0433,210.0,14,4.0,"but there's all the roads in the US, superimposed on top of a NASA.",213.65,0.8937,0.131274,0.409538,0.136115,1462.98,neu,0.8724,0.0
test_0434,212.69,76,21.44,"geospatial image. So let's pull up now something else. So this is actually live on the web now. You can go check it out. This is a project called Photosynth, which really marries two different technologies. One of them is Seed Dragon. And the other is some very beautiful computer vision research, done by Noah Snavley, a graduate student at the University of Washington, co-advised by Steve Sites at U-Dub and Rick Zeliski at Microsoft Research.",201.86,0.7924,0.126355,0.277746,0.135237,1595.14,hap,0.6803,0.0395
test_0435,212.77,40,11.28,"a very nice collaboration. And so this is live on the web. It's powered by C-Dragon. You can see that when we do these sorts of views, where we can dive through images and have this kind of multi-resolution experience.",158.09,0.7747,0.108537,0.262409,0.133014,1619.0,hap,0.4576,0.025
test_0436,172.41,40,13.92,"But the spatial arrangement of the images here is actually meaningful. The computer vision algorithms have registered these images together, so they correspond to the real space in which these shots all taken near grassy lakes and the Canadian Rockies.",199.52,0.7428,0.108096,0.335101,0.149215,1670.41,hap,0.6342,0.05
test_0437,225.0,12,3.2,What I'm gonna show you first as quickly as I can is...,242.66,0.6859,0.111445,0.282543,0.162512,1851.14,hap,0.9078,0.0
test_0438,120.0,16,8.0,all these shots were taken. So you see elements here of stabilized slideshow or panoramic imaging.,197.08,0.8049,0.104113,0.385908,0.149976,1517.77,neu,0.8529,0.0625
test_0439,259.21,61,14.12,"and these things have all been related really spatially. I'm not sure if I have time to show you any other environments there are some that are much more spatial, but I'd like to jump straight to one of Noah's original data sets. And this is from an early prototype of a photosynth that we first got working in the summer.",193.16,0.816,0.116191,0.281604,0.146633,1575.24,hap,0.4746,0.0164
test_0440,215.69,44,12.24,"to show you what I think is really the punchline behind this technology, the photosynth technology. And it's not necessarily so apparent from looking at the environments that we've put up on the website. We had to worry about the lawyers and so on.",186.18,0.7879,0.109223,0.300923,0.153614,1499.38,ang,0.3757,0.0455
test_0441,210.67,25,7.12,This is a reconstruction of Notre Dame Cathedral that was done entirely computationally from images scraped from flicker. It was typed Notre Dame into flicker.,192.67,0.749,0.115922,0.34107,0.159317,1502.65,neu,0.5295,0.0
test_0442,186.79,33,10.6,and you get some pictures of guys in T-shirts and of the campus and so on. And each of these orange cones represents an image that was discovered to belong to this model.,196.68,0.8026,0.10825,0.336342,0.147896,1527.1,neu,0.678,0.0303
test_0443,240.74,26,6.48,And so these are all flicker images. And they've all been related spatially in this way. And we can just navigate in this very simple way.,184.32,0.7271,0.140855,0.294945,0.12586,1516.5,neu,0.716,0.0385
test_0444,206.9,20,5.8,"I never thought that I'd end up working at Microsoft, as very gratifying. I love this kind of reception here.",185.28,0.7781,0.130731,0.316088,0.142253,1398.98,hap,0.7511,0.0
test_0445,182.93,25,8.2,"is some foundational work, some new technology that we brought to Microsoft as part of an acquisition almost exactly a year ago. This is C-Dragon.",201.53,0.8452,0.114112,0.35028,0.141295,1659.98,hap,0.7106,0.0
test_0446,238.02,53,13.36,"So this is, I just can see there's a very, this is, this is lots of different types of cameras. It's everything from cell phone cameras to professional SLRs, quite a large number that have been registered together into this environment. And if I can find some of the sort of weird ones,",188.28,0.7567,0.103235,0.301889,0.149356,1608.03,hap,0.5102,0.0189
test_0447,243.75,13,3.2,There are so many of them are included by faces and so on.,164.05,0.8551,0.143251,0.379494,0.160294,1491.45,hap,0.6645,0.1538
test_0448,176.47,36,12.24,"There's somewhere in here, there's a series of photographs. Here we go. This is actually a poster of Notre Dame that registered correctly. So if we can dive in from the poster to a physical view.",191.13,0.7431,0.12142,0.337411,0.168765,1499.76,hap,0.745,0.0556
test_0449,190.91,35,11.0,"What the point here really is is that we can do things with the social environment. This is now taking data from everybody, from the entire collective memory of visually of what your looks like.",187.17,0.6769,0.122291,0.25835,0.150937,1431.09,ang,0.4935,0.0286
test_0450,240.42,46,11.48,"and link all of that together. All of those photos become linked together and they make something emergent, this greater than the sum of the parts. You have a model that emerges of the entire earth. Think of this as the long tail to Stephen Lawler's...",198.16,0.8376,0.111946,0.354247,0.142988,1496.12,neu,0.5713,0.0
test_0451,193.22,38,11.8,"virtual Earthwork. And this is something that grows in complexity as people use it, and whose benefits become greater to the users as they use it. Their own photos are getting tagged with metadata that somebody all centered.",191.29,0.7629,0.105287,0.357987,0.153969,1548.72,hap,0.4677,0.0
test_0452,200.0,20,6.0,"If somebody bothered to tag all of these saints and say who they all are, then my photo of me.",196.46,0.8392,0.14197,0.30338,0.145691,1454.39,neu,0.7092,0.0
test_0453,188.48,48,15.28,"And it's an environment in which you can either locally or remotely interact with vast amounts of visual data. We're looking at many, many gigabytes of digital photos here and kind of seamlessly and continuously zooming and padding through the thing rearranging it at any way we want.",180.87,0.8486,0.103909,0.289164,0.138829,1613.38,neu,0.6884,0.0
test_0454,216.8,37,10.24,"not drunk cathedral, suddenly it's enriched with all that data. And I can use it as an entry point to dive into that space since that metaverse using everybody else's photos and do a kind of cross-model.",204.57,0.8199,0.108745,0.317027,0.144606,1549.26,hap,0.4302,0.0
test_0455,152.26,27,10.64,"and cross-user social experience that way. And of course, a byproduct of all of that is immensely rich virtual models of every interesting part of the Earth.",211.75,0.8291,0.107814,0.380837,0.175645,1582.52,neu,0.7046,0.0
test_0456,176.0,22,7.5,collected not just from overhead flights and from satellite images and so on but from the collective memory. Thank you so much.,211.26,0.847,0.103018,0.393092,0.186132,1529.25,neu,0.837,0.0909
test_0457,213.16,27,7.6,Do I understand this? Do I understand this right? What your software is going to allow? Is it at some point really within the next few years?,182.34,0.7083,0.112633,0.288844,0.161543,1691.16,ang,0.5293,0.037
test_0458,210.0,14,4.0,that are shared by anyone across the world are going to basically link together.,188.64,0.8686,0.11161,0.365105,0.212264,1378.84,ang,0.4265,0.0714
test_0459,206.9,16,4.64,"Yes, what this is really doing is discovering. It's creating hyperlinks if you will between images.",187.9,0.7335,0.112723,0.323648,0.143636,1760.01,ang,0.4338,0.0
test_0460,281.88,42,8.94,and is doing that based on the content inside the images. And that gets really exciting when you think about the richness of the semantic information that a lot of those images have. Like when you do a web search for images.,200.76,0.83,0.119724,0.343637,0.139936,1613.68,neu,0.7867,0.0238
test_0461,277.78,60,12.96,But you type in phrases and the text on the web page is carrying a lot of information about what that picture is of. Now what if that picture links to all of your pictures and the amount of semantic and connection and the amount of richness that comes out of that is really huge. It's a classic network effect.,203.05,0.8485,0.109815,0.339182,0.168133,1603.4,neu,0.6987,0.0
test_0462,218.66,50,13.72,"It doesn't matter how much information we're looking at, how big these collections are, or how big the images are. And the most of them are ordinary digital camera photos, but this one, for example, is a scan from the Library of Congress. And it's in the 300 megapixel range.",171.18,0.7624,0.108331,0.315856,0.136829,1525.43,neu,0.4736,0.0
test_0463,246.27,33,8.04,It doesn't make me difference because the only thing that ought to limit the performance of a system like this one is the number of pixels on your screen at any given moment,159.72,0.5611,0.134948,0.193946,0.14749,1509.99,neu,0.4043,0.0303
test_0464,164.89,31,11.28,"It's also a very flexible architecture. This is an entire book. So this is an example of non-image data. This is a bleak house, like Dickens. Every column is a chapter.",208.44,0.747,0.113922,0.333402,0.155049,1566.64,neu,0.6649,0.0645
test_0465,247.64,35,8.48,"and to prove to you that it's really text and not an image, we can do something like so. To really show that this is a real representation of the text, it's not a picture.",173.9,0.7964,0.125237,0.278962,0.157383,1705.52,neu,0.4945,0.0571
test_0466,233.33,56,14.4,Maybe this is a kind of artificial way to read an e-book. I wouldn't recommend it. This is a more realistic case. This is an issue of the Guardian. Every large image is the beginning of a section. And this really gives you the joy and the good experience of reading the real paper version of...,169.29,0.78,0.121328,0.245397,0.130936,1437.41,neu,0.4918,0.0
test_0467,68.97,34,29.58,"Seagolw dcrap barcer arem�ch ac gwneys Tylwydd, byud yw o dwydyn, Ac Chวind feifd fquerat유�엽 Ewerleyных A'fiamurau Mae nod y Swanta oedd gyfrdon, 이�는. Mae gwch Salud Mae943 Ngwr scraipol diafdim ac Schedun rhidir",153.43,0.4391,0.104547,0.130452,0.183825,1730.79,hap,0.4804,0.0
test_0468,132.2,52,23.6,"Laur i Efera B pornography a o rapport yr 1 avde我w Bob adhisia i ympar Paradise R Sel programme fel fel短nas i efekty a vet make o wneud âch keysas ynes o yndfurith wet Across slawer i fel headphoneeur sy function, que lle sine fale, twelve med spool � o widel named",147.43,0.4595,0.076345,0.125912,0.177125,1658.57,hap,0.9076,0.0
test_0469,120.97,15,7.44,"мен am wedi'n фwy o Shopbright Visit twn indu, wyng treudu우� ei ganneeth stream trwola.",170.01,0.5884,0.081327,0.178388,0.186672,1832.27,hap,0.9593,0.0
test_0470,216.58,54,14.96,"50 of the magnets. I had to take them out, which we did. We've reconditioned them all, fixed them. They're all on their way back under ground now. By the end of March, the LHC will be intact again. We will switch it on, and we expect to take data in June or July.",146.47,0.5184,0.080267,0.152044,0.189072,1612.72,hap,0.5609,0.0
test_0471,60.0,22,22.0,wynt coch o un cand yn y interval underser mae wdyd optau poig â cael dydolio un fus past c emootion neu,151.97,0.4768,0.063572,0.139637,0.192088,1605.5,hap,0.7281,0.0
test_0472,163.79,19,6.96,Y threatening flavoreddwy na hwn pr sy'n cobl fel mae ddwyddi aft11leb final bydddi yrbestod knowb yfer deu awed.,139.64,0.4676,0.076187,0.152594,0.178725,1659.18,hap,0.6404,0.0
test_0473,20.62,8,23.28,"A un iawn vapeun gwedod wrong, I fe",150.88,0.5419,0.076651,0.139081,0.188911,1736.65,hap,0.7586,0.0
test_0474,170.1,22,7.76,y y leurwy y wdydd drwyn galluio yn y ras de colouro cod o ei y o ei gwneud сол fy gevmallau.,148.23,0.6004,0.081769,0.151684,0.166235,1638.51,hap,0.5021,0.0
test_0475,246.0,41,10.0,"Blash here at TED I gave an introduction to the LHC and I promised to come back and give you an update on how that machine worked. So this is it. For those of you that weren't there, the LHC is...",153.32,0.526,0.08395,0.163521,0.190636,1832.3,hap,0.8492,0.0244
test_0476,145.16,69,28.52,"BESCO ont un bod fy ar gan y nhwna, bergwllol y mmeru ar ca eidwn, i 9 Cadnaus hynir, looks ordigua geithyn darhew. Ziganau, eu, amityr og iaud. Si tifonnaeth ytw byr o fñ 시작! Wydw gyda'n sparhydan. Ych roedd fel'du i p 크�olaud, ych roedd hyn wheref hunwag mwyf consids. I o fwyf Dav ydu llewb spermodol ni- Bartes ddich Y rodll aboutus y tu endrewnos ryn falchweipet,",150.67,0.5111,0.071588,0.144186,0.190232,1741.05,hap,0.6786,0.0
test_0477,87.86,34,23.22,"Y bo'n am oedd audible ar bywraig,ethau drийpysch 13 lookanc ar milieu â yn pełny. Dwlatîf ro Ilawnch yn friedyn o'r egel ddim yrغd mae' bod mynd y aенноwn tefn yn nhw y GymMyrhydr.",159.88,0.6166,0.074793,0.108963,0.188181,1790.28,ang,0.6407,0.0
test_0478,143.2,20,8.38,肹 effectio wasיי o yn ni wedd new echo yn hyl SE Chinu 1970 i ma mluah atiau latencyau seg33.,163.58,0.6475,0.086851,0.215116,0.188583,1909.71,hap,0.8304,0.0
test_0479,28.48,12,25.28,Byна sy'n pen man Mirews poud. Anh bynych sw eru dziyr�naeth an,145.29,0.4738,0.076474,0.150987,0.193927,1668.95,hap,0.6491,0.0
test_0480,113.92,54,28.44,"Оdu o со gdercolliding pias o dpers어 i stor adiant zac berm edلي oín o llapau an Ägy panisyd sweep iodedirur. C Liadau y o llapa y i fragd â ddim y aбid Dyda, neu ddi'ch martykhoedd yn leithi hedd. D量ud ghahtούd nhw ca Millariau Ca<|cy|>ryg mae gydaethuberu eu frednol i gydaethu Primawn obletat,",153.4,0.5893,0.07195,0.208352,0.166622,1671.9,hap,0.875,0.0
test_0481,57.27,13,13.62,"A gwr tipsas bet fawyn fellyh, Dylyffamy hy pe orchestra niw'n dhy econom.",157.65,0.5461,0.095263,0.180329,0.179443,1621.15,hap,0.836,0.0
test_0482,14.69,4,16.34,При debnicu mouse ach,151.33,0.4531,0.088905,0.11893,0.166423,1602.1,hap,0.9001,0.0
test_0483,227.68,17,4.48,and we've been trying to just see if we can come up with the even smaller genome.,104.8,0.1277,0.114615,0.036951,0.145688,1423.82,neu,0.3687,0.0
test_0484,203.06,31,9.16,"We're able to knock out on the order of 100 genes out of the 500 or so that are here. But when we look at its metabolic map, it's relatively simple.",113.85,0.4021,0.126984,0.120507,0.132797,1346.35,neu,0.5627,0.0323
test_0485,176.17,35,11.92,"compared to ours. Trust me, this is simple. But when we look at all the genes that we can knock out one at a time, it's very unlikely that this would yield a living cell.",140.5,0.7984,0.123418,0.165082,0.133118,1452.6,hap,0.8273,0.0
test_0486,162.86,19,7.0,So we decided the only way forward was to actually synthesize this chromosome so we could vary the components.,127.32,0.5136,0.117568,0.126351,0.148169,1525.82,hap,0.7586,0.1579
test_0487,145.41,19,7.84,to ask some of these most fundamental questions. And so we started down the road of Can We synthesize.,129.15,0.7378,0.094862,0.16345,0.14047,1606.31,hap,0.4873,0.0526
test_0488,155.03,37,14.32,chromosome can chemistry permit making these really large molecules where we've never been before and if we do can we boot up a chromosome the chromosome by the way is just a piece of inert chemical material.,109.83,0.5125,0.09746,0.136369,0.161249,1358.01,hap,0.7743,0.0
test_0489,144.0,12,5.0,Our pace of digitizing life has been increasing at an exponential pace.,149.04,0.8283,0.118108,0.252914,0.181741,1675.31,neu,0.5507,0.0
test_0490,159.09,28,10.56,"our ability to write the genetic code has been moving pretty slowly, but has been increasing and our latest point would put it on now on exponential curve.",116.35,0.6886,0.124894,0.153649,0.152376,1343.75,hap,0.5718,0.0
test_0491,160.71,24,8.96,"We started this over 15 years ago, it took several stages in fact, starting with a bioethical review before we did the first experiments.",136.6,0.754,0.11208,0.282176,0.155749,1556.34,hap,0.6661,0.0
test_0492,152.54,30,11.8,But it turns out synthesizing DNA is very difficult. There's tens of thousands of machines around the world that make small pieces of DNA 30 to 50 letters and lengths.,125.28,0.6516,0.106078,0.192058,0.135153,1620.84,hap,0.7383,0.0
test_0493,135.0,36,16.0,"You know, I've talked about some of these projects before about the human genome and what that might mean. And discovering new sets of genes, we're actually starting at a new point. We've been digitizing biology.",146.16,0.8282,0.093087,0.248899,0.155811,1608.2,hap,0.8385,0.0556
test_0494,216.0,36,10.0,and it's a degenerate process so the longer you make the piece the more errors there are. So we had to create a new method for putting these little pieces together and correct all the errors.,139.6,0.7992,0.108957,0.203125,0.149333,1459.38,hap,0.5414,0.0556
test_0495,149.64,41,16.44,"And this was our first attempt starting with the digital information of the genome of 5X174. It's a small virus that kills bacteria. We designed the pieces and went through our air correction and had a DNA molecule about 5,000 letters.",137.74,0.7733,0.101683,0.178619,0.161059,1570.75,hap,0.7386,0.0
test_0496,182.43,18,5.92,The exciting phase came when we took this piece of inert chemical and put it in the bacteria.,143.67,0.6267,0.095562,0.22269,0.188582,1551.69,hap,0.6511,0.0
test_0497,170.37,46,16.2,"And the bacteria started to read this genetic code, made the viral particles. The viral particles, then, were released from the cells and came back and killed at E. coli. I was talking to the oil industry recently, and I said they clearly understood that model.",139.79,0.8281,0.113484,0.215165,0.15842,1478.74,hap,0.7563,0.0
test_0498,186.85,36,11.56,And so we think this is a situation where the software can actually build its own hardware in a biological system. But we wanted to go much larger. We wanted to build the entire bacterial chromosome.,130.4,0.6982,0.089389,0.145488,0.158936,1392.05,hap,0.7715,0.0556
test_0499,170.15,38,13.4,"So over 580,000 letters of genetic code. So we thought we'd build them a cassette's, the size, and the viruses. So we can actually vary the cassettes to understand what the actual components of a living cell are.",138.63,0.7737,0.116019,0.221076,0.162283,1561.98,hap,0.8215,0.1053
